id,2ZmankJ
is,"{'pnl': 2096945, 'bookSize': 20000000, 'longCount': 1404, 'shortCount': 1386, 'turnover': 0.0148, 'returns': 0.043, 'drawdown': 0.0385, 'margin': 0.0579, 'fitness': 0.8, 'sharpe': 1.37, 'checks': [{'name': 'LOW_SHARPE', 'result': 'PASS', 'limit': 1.25, 'value': 1.37}, {'name': 'LOW_FITNESS', 'result': 'FAIL', 'limit': 1.0, 'value': 0.8}, {'name': 'LOW_TURNOVER', 'result': 'PASS', 'limit': 0.01, 'value': 0.0148}, {'name': 'HIGH_TURNOVER', 'result': 'PASS', 'limit': 0.7, 'value': 0.0148}, {'name': 'CONCENTRATED_WEIGHT', 'result': 'PASS'}, {'name': 'LOW_SUB_UNIVERSE_SHARPE', 'result': 'PASS', 'limit': 0.59, 'value': 1.41}, {'name': 'SELF_CORRELATION', 'result': 'PENDING'}, {'name': 'MATCHES_COMPETITION', 'result': 'PASS', 'matched': [{'id': 'challenge', 'name': 'Challenge'}], 'unmatched': []}]}"
regular,"{'code': 'rank(close/cashflow_fin)', 'description': None, 'operatorCount': 2}"
id,aPxALk1
is,"{'pnl': 5193104, 'bookSize': 20000000, 'longCount': 1512, 'shortCount': 1529, 'turnover': 0.4536, 'returns': 0.1064, 'drawdown': 0.0346, 'margin': 0.00469, 'fitness': 0.85, 'sharpe': 1.75, 'checks': [{'name': 'LOW_SHARPE', 'result': 'PASS', 'limit': 1.25, 'value': 1.75}, {'name': 'LOW_FITNESS', 'result': 'FAIL', 'limit': 1.0, 'value': 0.85}, {'name': 'LOW_TURNOVER', 'result': 'PASS', 'limit': 0.01, 'value': 0.4536}, {'name': 'HIGH_TURNOVER', 'result': 'PASS', 'limit': 0.7, 'value': 0.4536}, {'name': 'CONCENTRATED_WEIGHT', 'result': 'PASS'}, {'name': 'LOW_SUB_UNIVERSE_SHARPE', 'result': 'PASS', 'limit': 0.76, 'value': 1.5}, {'name': 'SELF_CORRELATION', 'result': 'PENDING'}, {'name': 'MATCHES_COMPETITION', 'result': 'PASS', 'matched': [{'id': 'challenge', 'name': 'Challenge'}], 'unmatched': []}]}"
regular,"{'code': 'rank(open/vwap)', 'description': None, 'operatorCount': 2}"
id,nzPZAkz
is,"{'pnl': 2098135, 'bookSize': 20000000, 'longCount': 1404, 'shortCount': 1386, 'turnover': 0.0148, 'returns': 0.043, 'drawdown': 0.0385, 'margin': 0.05791, 'fitness': 0.8, 'sharpe': 1.37, 'checks': [{'name': 'LOW_SHARPE', 'result': 'PASS', 'limit': 1.25, 'value': 1.37}, {'name': 'LOW_FITNESS', 'result': 'FAIL', 'limit': 1.0, 'value': 0.8}, {'name': 'LOW_TURNOVER', 'result': 'PASS', 'limit': 0.01, 'value': 0.0148}, {'name': 'HIGH_TURNOVER', 'result': 'PASS', 'limit': 0.7, 'value': 0.0148}, {'name': 'CONCENTRATED_WEIGHT', 'result': 'PASS'}, {'name': 'LOW_SUB_UNIVERSE_SHARPE', 'result': 'PASS', 'limit': 0.59, 'value': 1.41}, {'name': 'SELF_CORRELATION', 'result': 'PENDING'}, {'name': 'MATCHES_COMPETITION', 'result': 'PASS', 'matched': [{'id': 'challenge', 'name': 'Challenge'}], 'unmatched': []}]}"
regular,"{'code': 'rank(open/cashflow_fin)', 'description': None, 'operatorCount': 2}"
id,6qKa2kP
is,"{'pnl': 7217419, 'bookSize': 20000000, 'longCount': 1528, 'shortCount': 1515, 'turnover': 0.1301, 'returns': 0.1479, 'drawdown': 0.1189, 'margin': 0.02273, 'fitness': 1.3, 'sharpe': 1.22, 'checks': [{'name': 'LOW_SHARPE', 'result': 'FAIL', 'limit': 1.25, 'value': 1.22}, {'name': 'LOW_FITNESS', 'result': 'PASS', 'limit': 1.0, 'value': 1.3}, {'name': 'LOW_TURNOVER', 'result': 'PASS', 'limit': 0.01, 'value': 0.1301}, {'name': 'HIGH_TURNOVER', 'result': 'PASS', 'limit': 0.7, 'value': 0.1301}, {'name': 'CONCENTRATED_WEIGHT', 'result': 'PASS'}, {'name': 'LOW_SUB_UNIVERSE_SHARPE', 'result': 'PASS', 'limit': 0.53, 'value': 1.14}, {'name': 'SELF_CORRELATION', 'result': 'PENDING'}, {'name': 'MATCHES_COMPETITION', 'result': 'PASS', 'matched': [{'id': 'challenge', 'name': 'Challenge'}], 'unmatched': []}]}"
regular,"{'code': 'rank(high/low)', 'description': None, 'operatorCount': 2}"
id,mz6rNMW
is,"{'pnl': 7883426, 'bookSize': 20000000, 'longCount': 1520, 'shortCount': 1521, 'turnover': 0.1508, 'returns': 0.1615, 'drawdown': 0.1113, 'margin': 0.02143, 'fitness': 1.39, 'sharpe': 1.34, 'checks': [{'name': 'LOW_SHARPE', 'result': 'PASS', 'limit': 1.25, 'value': 1.34}, {'name': 'LOW_FITNESS', 'result': 'PASS', 'limit': 1.0, 'value': 1.39}, {'name': 'LOW_TURNOVER', 'result': 'PASS', 'limit': 0.01, 'value': 0.1508}, {'name': 'HIGH_TURNOVER', 'result': 'PASS', 'limit': 0.7, 'value': 0.1508}, {'name': 'CONCENTRATED_WEIGHT', 'result': 'PASS'}, {'name': 'LOW_SUB_UNIVERSE_SHARPE', 'result': 'PASS', 'limit': 0.58, 'value': 1.2}, {'name': 'SELF_CORRELATION', 'result': 'PENDING'}, {'name': 'MATCHES_COMPETITION', 'result': 'PASS', 'matched': [{'id': 'challenge', 'name': 'Challenge'}], 'unmatched': []}]}"
regular,"{'code': 'rank(high/vwap)', 'description': None, 'operatorCount': 2}"
id,7X6a5J8
is,"{'pnl': 2097729, 'bookSize': 20000000, 'longCount': 1404, 'shortCount': 1386, 'turnover': 0.0148, 'returns': 0.043, 'drawdown': 0.0386, 'margin': 0.05792, 'fitness': 0.8, 'sharpe': 1.37, 'checks': [{'name': 'LOW_SHARPE', 'result': 'PASS', 'limit': 1.25, 'value': 1.37}, {'name': 'LOW_FITNESS', 'result': 'FAIL', 'limit': 1.0, 'value': 0.8}, {'name': 'LOW_TURNOVER', 'result': 'PASS', 'limit': 0.01, 'value': 0.0148}, {'name': 'HIGH_TURNOVER', 'result': 'PASS', 'limit': 0.7, 'value': 0.0148}, {'name': 'CONCENTRATED_WEIGHT', 'result': 'PASS'}, {'name': 'LOW_SUB_UNIVERSE_SHARPE', 'result': 'PASS', 'limit': 0.59, 'value': 1.41}, {'name': 'SELF_CORRELATION', 'result': 'PENDING'}, {'name': 'MATCHES_COMPETITION', 'result': 'PASS', 'matched': [{'id': 'challenge', 'name': 'Challenge'}], 'unmatched': []}]}"
regular,"{'code': 'rank(high/cashflow_fin)', 'description': None, 'operatorCount': 2}"
id,86POgaW
is,"{'pnl': 2096769, 'bookSize': 20000000, 'longCount': 1404, 'shortCount': 1387, 'turnover': 0.0148, 'returns': 0.043, 'drawdown': 0.0384, 'margin': 0.05791, 'fitness': 0.8, 'sharpe': 1.37, 'checks': [{'name': 'LOW_SHARPE', 'result': 'PASS', 'limit': 1.25, 'value': 1.37}, {'name': 'LOW_FITNESS', 'result': 'FAIL', 'limit': 1.0, 'value': 0.8}, {'name': 'LOW_TURNOVER', 'result': 'PASS', 'limit': 0.01, 'value': 0.0148}, {'name': 'HIGH_TURNOVER', 'result': 'PASS', 'limit': 0.7, 'value': 0.0148}, {'name': 'CONCENTRATED_WEIGHT', 'result': 'PASS'}, {'name': 'LOW_SUB_UNIVERSE_SHARPE', 'result': 'PASS', 'limit': 0.59, 'value': 1.41}, {'name': 'SELF_CORRELATION', 'result': 'PENDING'}, {'name': 'MATCHES_COMPETITION', 'result': 'PASS', 'matched': [{'id': 'challenge', 'name': 'Challenge'}], 'unmatched': []}]}"
regular,"{'code': 'rank(low/cashflow_fin)', 'description': None, 'operatorCount': 2}"
id,LXZn1mv
is,"{'pnl': 2117177, 'bookSize': 20000000, 'longCount': 1404, 'shortCount': 1386, 'turnover': 0.0152, 'returns': 0.0434, 'drawdown': 0.0384, 'margin': 0.05703, 'fitness': 0.81, 'sharpe': 1.38, 'checks': [{'name': 'LOW_SHARPE', 'result': 'PASS', 'limit': 1.25, 'value': 1.38}, {'name': 'LOW_FITNESS', 'result': 'FAIL', 'limit': 1.0, 'value': 0.81}, {'name': 'LOW_TURNOVER', 'result': 'PASS', 'limit': 0.01, 'value': 0.0152}, {'name': 'HIGH_TURNOVER', 'result': 'PASS', 'limit': 0.7, 'value': 0.0152}, {'name': 'CONCENTRATED_WEIGHT', 'result': 'PASS'}, {'name': 'LOW_SUB_UNIVERSE_SHARPE', 'result': 'PASS', 'limit': 0.6, 'value': 1.41}, {'name': 'SELF_CORRELATION', 'result': 'PENDING'}, {'name': 'MATCHES_COMPETITION', 'result': 'PASS', 'matched': [{'id': 'challenge', 'name': 'Challenge'}], 'unmatched': []}]}"
regular,"{'code': 'rank(vwap/cashflow_fin)', 'description': None, 'operatorCount': 2}"
id,NjVnJn8
is,"{'pnl': 2093469, 'bookSize': 20000000, 'longCount': 1407, 'shortCount': 1384, 'turnover': 0.027, 'returns': 0.0429, 'drawdown': 0.0331, 'margin': 0.03183, 'fitness': 0.74, 'sharpe': 1.26, 'checks': [{'name': 'LOW_SHARPE', 'result': 'PASS', 'limit': 1.25, 'value': 1.26}, {'name': 'LOW_FITNESS', 'result': 'FAIL', 'limit': 1.0, 'value': 0.74}, {'name': 'LOW_TURNOVER', 'result': 'PASS', 'limit': 0.01, 'value': 0.027}, {'name': 'HIGH_TURNOVER', 'result': 'PASS', 'limit': 0.7, 'value': 0.027}, {'name': 'CONCENTRATED_WEIGHT', 'result': 'PASS'}, {'name': 'LOW_SUB_UNIVERSE_SHARPE', 'result': 'PASS', 'limit': 0.55, 'value': 1.56}, {'name': 'SELF_CORRELATION', 'result': 'PENDING'}, {'name': 'MATCHES_COMPETITION', 'result': 'PASS', 'matched': [{'id': 'challenge', 'name': 'Challenge'}], 'unmatched': []}]}"
regular,"{'code': 'rank(volume/cashflow_fin)', 'description': None, 'operatorCount': 2}"
id,zob527E
is,"{'pnl': 6332842, 'bookSize': 20000000, 'longCount': 1445, 'shortCount': 1458, 'turnover': 0.0548, 'returns': 0.1298, 'drawdown': 0.0568, 'margin': 0.04736, 'fitness': 1.79, 'sharpe': 1.76, 'checks': [{'name': 'LOW_SHARPE', 'result': 'PASS', 'limit': 1.25, 'value': 1.76}, {'name': 'LOW_FITNESS', 'result': 'PASS', 'limit': 1.0, 'value': 1.79}, {'name': 'LOW_TURNOVER', 'result': 'PASS', 'limit': 0.01, 'value': 0.0548}, {'name': 'HIGH_TURNOVER', 'result': 'PASS', 'limit': 0.7, 'value': 0.0548}, {'name': 'CONCENTRATED_WEIGHT', 'result': 'PASS'}, {'name': 'LOW_SUB_UNIVERSE_SHARPE', 'result': 'PASS', 'limit': 0.76, 'value': 1.24}, {'name': 'SELF_CORRELATION', 'result': 'PENDING'}, {'name': 'MATCHES_COMPETITION', 'result': 'PASS', 'matched': [{'id': 'challenge', 'name': 'Challenge'}], 'unmatched': []}]}"
regular,"{'code': 'rank(volume/assets)', 'description': None, 'operatorCount': 2}"
id,ozWnrel
is,"{'pnl': 6250449, 'bookSize': 20000000, 'longCount': 1151, 'shortCount': 1093, 'turnover': 0.0521, 'returns': 0.1281, 'drawdown': 0.0582, 'margin': 0.04917, 'fitness': 1.69, 'sharpe': 1.67, 'checks': [{'name': 'LOW_SHARPE', 'result': 'PASS', 'limit': 1.25, 'value': 1.67}, {'name': 'LOW_FITNESS', 'result': 'PASS', 'limit': 1.0, 'value': 1.69}, {'name': 'LOW_TURNOVER', 'result': 'PASS', 'limit': 0.01, 'value': 0.0521}, {'name': 'HIGH_TURNOVER', 'result': 'PASS', 'limit': 0.7, 'value': 0.0521}, {'name': 'CONCENTRATED_WEIGHT', 'result': 'PASS'}, {'name': 'LOW_SUB_UNIVERSE_SHARPE', 'result': 'PASS', 'limit': 0.72, 'value': 1.21}, {'name': 'SELF_CORRELATION', 'result': 'PENDING'}, {'name': 'MATCHES_COMPETITION', 'result': 'PASS', 'matched': [{'id': 'challenge', 'name': 'Challenge'}], 'unmatched': []}]}"
regular,"{'code': 'rank(volume/liabilities_curr)', 'description': None, 'operatorCount': 2}"
id,Om8ngkJ
is,"{'pnl': 2591394, 'bookSize': 20000000, 'longCount': 1375, 'shortCount': 1352, 'turnover': 0.0392, 'returns': 0.0531, 'drawdown': 0.0272, 'margin': 0.02707, 'fitness': 0.83, 'sharpe': 1.27, 'checks': [{'name': 'LOW_SHARPE', 'result': 'PASS', 'limit': 1.25, 'value': 1.27}, {'name': 'LOW_FITNESS', 'result': 'FAIL', 'limit': 1.0, 'value': 0.83}, {'name': 'LOW_TURNOVER', 'result': 'PASS', 'limit': 0.01, 'value': 0.0392}, {'name': 'HIGH_TURNOVER', 'result': 'PASS', 'limit': 0.7, 'value': 0.0392}, {'name': 'CONCENTRATED_WEIGHT', 'result': 'PASS'}, {'name': 'LOW_SUB_UNIVERSE_SHARPE', 'result': 'PASS', 'limit': 0.55, 'value': 1.02}, {'name': 'SELF_CORRELATION', 'result': 'PENDING'}, {'name': 'MATCHES_COMPETITION', 'result': 'PASS', 'matched': [{'id': 'challenge', 'name': 'Challenge'}], 'unmatched': []}]}"
regular,"{'code': 'rank(volume/bookvalue_ps)', 'description': None, 'operatorCount': 2}"
id,36VE20Z
is,"{'pnl': 6347535, 'bookSize': 20000000, 'longCount': 1336, 'shortCount': 1290, 'turnover': 0.0487, 'returns': 0.1301, 'drawdown': 0.0553, 'margin': 0.05345, 'fitness': 1.84, 'sharpe': 1.8, 'checks': [{'name': 'LOW_SHARPE', 'result': 'PASS', 'limit': 1.25, 'value': 1.8}, {'name': 'LOW_FITNESS', 'result': 'PASS', 'limit': 1.0, 'value': 1.84}, {'name': 'LOW_TURNOVER', 'result': 'PASS', 'limit': 0.01, 'value': 0.0487}, {'name': 'HIGH_TURNOVER', 'result': 'PASS', 'limit': 0.7, 'value': 0.0487}, {'name': 'CONCENTRATED_WEIGHT', 'result': 'PASS'}, {'name': 'LOW_SUB_UNIVERSE_SHARPE', 'result': 'PASS', 'limit': 0.78, 'value': 1.24}, {'name': 'SELF_CORRELATION', 'result': 'PENDING'}, {'name': 'MATCHES_COMPETITION', 'result': 'PASS', 'matched': [{'id': 'challenge', 'name': 'Challenge'}], 'unmatched': []}]}"
regular,"{'code': 'rank(volume/revenue)', 'description': None, 'operatorCount': 2}"
id,K8rnMQk
is,"{'pnl': 2151593, 'bookSize': 20000000, 'longCount': 1342, 'shortCount': 1279, 'turnover': 0.0409, 'returns': 0.0441, 'drawdown': 0.0154, 'margin': 0.02155, 'fitness': 0.93, 'sharpe': 1.56, 'checks': [{'name': 'LOW_SHARPE', 'result': 'PASS', 'limit': 1.25, 'value': 1.56}, {'name': 'LOW_FITNESS', 'result': 'FAIL', 'limit': 1.0, 'value': 0.93}, {'name': 'LOW_TURNOVER', 'result': 'PASS', 'limit': 0.01, 'value': 0.0409}, {'name': 'HIGH_TURNOVER', 'result': 'PASS', 'limit': 0.7, 'value': 0.0409}, {'name': 'CONCENTRATED_WEIGHT', 'result': 'PASS'}, {'name': 'LOW_SUB_UNIVERSE_SHARPE', 'result': 'FAIL', 'limit': 0.68, 'value': 0.63}, {'name': 'SELF_CORRELATION', 'result': 'PENDING'}, {'name': 'MATCHES_COMPETITION', 'result': 'PASS', 'matched': [{'id': 'challenge', 'name': 'Challenge'}], 'unmatched': []}]}"
regular,"{'code': 'rank(volume/income_tax)', 'description': None, 'operatorCount': 2}"
id,Ra6Ngze
is,"{'pnl': 1976463, 'bookSize': 20000000, 'longCount': 1417, 'shortCount': 1373, 'turnover': 0.0145, 'returns': 0.0405, 'drawdown': 0.0371, 'margin': 0.05596, 'fitness': 0.74, 'sharpe': 1.3, 'checks': [{'name': 'LOW_SHARPE', 'result': 'PASS', 'limit': 1.25, 'value': 1.3}, {'name': 'LOW_FITNESS', 'result': 'FAIL', 'limit': 1.0, 'value': 0.74}, {'name': 'LOW_TURNOVER', 'result': 'PASS', 'limit': 0.01, 'value': 0.0145}, {'name': 'HIGH_TURNOVER', 'result': 'PASS', 'limit': 0.7, 'value': 0.0145}, {'name': 'CONCENTRATED_WEIGHT', 'result': 'PASS'}, {'name': 'LOW_SUB_UNIVERSE_SHARPE', 'result': 'PASS', 'limit': 0.56, 'value': 1.68}, {'name': 'SELF_CORRELATION', 'result': 'PENDING'}, {'name': 'MATCHES_COMPETITION', 'result': 'PASS', 'matched': [{'id': 'challenge', 'name': 'Challenge'}], 'unmatched': []}]}"
regular,"{'code': 'rank(sharesout/cashflow_fin)', 'description': None, 'operatorCount': 2}"
id,wzbLpNv
is,"{'pnl': 3017211, 'bookSize': 20000000, 'longCount': 1470, 'shortCount': 1427, 'turnover': 0.0141, 'returns': 0.0618, 'drawdown': 0.0299, 'margin': 0.08745, 'fitness': 0.91, 'sharpe': 1.29, 'checks': [{'name': 'LOW_SHARPE', 'result': 'PASS', 'limit': 1.25, 'value': 1.29}, {'name': 'LOW_FITNESS', 'result': 'FAIL', 'limit': 1.0, 'value': 0.91}, {'name': 'LOW_TURNOVER', 'result': 'PASS', 'limit': 0.01, 'value': 0.0141}, {'name': 'HIGH_TURNOVER', 'result': 'PASS', 'limit': 0.7, 'value': 0.0141}, {'name': 'CONCENTRATED_WEIGHT', 'result': 'PASS'}, {'name': 'LOW_SUB_UNIVERSE_SHARPE', 'result': 'PASS', 'limit': 0.56, 'value': 1.1}, {'name': 'SELF_CORRELATION', 'result': 'PENDING'}, {'name': 'MATCHES_COMPETITION', 'result': 'PASS', 'matched': [{'id': 'challenge', 'name': 'Challenge'}], 'unmatched': []}]}"
regular,"{'code': 'rank(sharesout/operating_expense)', 'description': None, 'operatorCount': 2}"
id,PlgvNLq
is,"{'pnl': 3122152, 'bookSize': 20000000, 'longCount': 1476, 'shortCount': 1397, 'turnover': 0.0156, 'returns': 0.064, 'drawdown': 0.033, 'margin': 0.08228, 'fitness': 0.92, 'sharpe': 1.29, 'checks': [{'name': 'LOW_SHARPE', 'result': 'PASS', 'limit': 1.25, 'value': 1.29}, {'name': 'LOW_FITNESS', 'result': 'FAIL', 'limit': 1.0, 'value': 0.92}, {'name': 'LOW_TURNOVER', 'result': 'PASS', 'limit': 0.01, 'value': 0.0156}, {'name': 'HIGH_TURNOVER', 'result': 'PASS', 'limit': 0.7, 'value': 0.0156}, {'name': 'CONCENTRATED_WEIGHT', 'result': 'PASS'}, {'name': 'LOW_SUB_UNIVERSE_SHARPE', 'result': 'PASS', 'limit': 0.56, 'value': 1.41}, {'name': 'SELF_CORRELATION', 'result': 'PENDING'}, {'name': 'MATCHES_COMPETITION', 'result': 'PASS', 'matched': [{'id': 'challenge', 'name': 'Challenge'}], 'unmatched': []}]}"
regular,"{'code': 'rank(sharesout/invested_capital)', 'description': None, 'operatorCount': 2}"
id,Ra6dNxo
is,"{'pnl': 6213959, 'bookSize': 20000000, 'longCount': 1446, 'shortCount': 1457, 'turnover': 0.0268, 'returns': 0.1273, 'drawdown': 0.0576, 'margin': 0.09503, 'fitness': 1.76, 'sharpe': 1.74, 'checks': [{'name': 'LOW_SHARPE', 'result': 'PASS', 'limit': 1.25, 'value': 1.74}, {'name': 'LOW_FITNESS', 'result': 'PASS', 'limit': 1.0, 'value': 1.76}, {'name': 'LOW_TURNOVER', 'result': 'PASS', 'limit': 0.01, 'value': 0.0268}, {'name': 'HIGH_TURNOVER', 'result': 'PASS', 'limit': 0.7, 'value': 0.0268}, {'name': 'CONCENTRATED_WEIGHT', 'result': 'PASS'}, {'name': 'LOW_SUB_UNIVERSE_SHARPE', 'result': 'PASS', 'limit': 0.75, 'value': 1.3}, {'name': 'SELF_CORRELATION', 'result': 'PENDING'}, {'name': 'MATCHES_COMPETITION', 'result': 'PASS', 'matched': [{'id': 'challenge', 'name': 'Challenge'}], 'unmatched': []}]}"
regular,"{'code': 'rank(adv20/assets)', 'description': None, 'operatorCount': 2}"
id,JXQbdK2
is,"{'pnl': 6152349, 'bookSize': 20000000, 'longCount': 1153, 'shortCount': 1090, 'turnover': 0.0273, 'returns': 0.1261, 'drawdown': 0.0607, 'margin': 0.09219, 'fitness': 1.66, 'sharpe': 1.65, 'checks': [{'name': 'LOW_SHARPE', 'result': 'PASS', 'limit': 1.25, 'value': 1.65}, {'name': 'LOW_FITNESS', 'result': 'PASS', 'limit': 1.0, 'value': 1.66}, {'name': 'LOW_TURNOVER', 'result': 'PASS', 'limit': 0.01, 'value': 0.0273}, {'name': 'HIGH_TURNOVER', 'result': 'PASS', 'limit': 0.7, 'value': 0.0273}, {'name': 'CONCENTRATED_WEIGHT', 'result': 'PASS'}, {'name': 'LOW_SUB_UNIVERSE_SHARPE', 'result': 'PASS', 'limit': 0.71, 'value': 1.26}, {'name': 'SELF_CORRELATION', 'result': 'PENDING'}, {'name': 'MATCHES_COMPETITION', 'result': 'PASS', 'matched': [{'id': 'challenge', 'name': 'Challenge'}], 'unmatched': []}]}"
regular,"{'code': 'rank(adv20/liabilities_curr)', 'description': None, 'operatorCount': 2}"
id,xzbRxQn
is,"{'pnl': 2574772, 'bookSize': 20000000, 'longCount': 1376, 'shortCount': 1351, 'turnover': 0.0234, 'returns': 0.0528, 'drawdown': 0.0285, 'margin': 0.04518, 'fitness': 0.83, 'sharpe': 1.28, 'checks': [{'name': 'LOW_SHARPE', 'result': 'PASS', 'limit': 1.25, 'value': 1.28}, {'name': 'LOW_FITNESS', 'result': 'FAIL', 'limit': 1.0, 'value': 0.83}, {'name': 'LOW_TURNOVER', 'result': 'PASS', 'limit': 0.01, 'value': 0.0234}, {'name': 'HIGH_TURNOVER', 'result': 'PASS', 'limit': 0.7, 'value': 0.0234}, {'name': 'CONCENTRATED_WEIGHT', 'result': 'PASS'}, {'name': 'LOW_SUB_UNIVERSE_SHARPE', 'result': 'PASS', 'limit': 0.55, 'value': 1.05}, {'name': 'SELF_CORRELATION', 'result': 'PENDING'}, {'name': 'MATCHES_COMPETITION', 'result': 'PASS', 'matched': [{'id': 'challenge', 'name': 'Challenge'}], 'unmatched': []}]}"
regular,"{'code': 'rank(adv20/bookvalue_ps)', 'description': None, 'operatorCount': 2}"
id,Om8oZA7
is,"{'pnl': 6360353, 'bookSize': 20000000, 'longCount': 1334, 'shortCount': 1292, 'turnover': 0.0231, 'returns': 0.1303, 'drawdown': 0.0581, 'margin': 0.11302, 'fitness': 1.86, 'sharpe': 1.82, 'checks': [{'name': 'LOW_SHARPE', 'result': 'PASS', 'limit': 1.25, 'value': 1.82}, {'name': 'LOW_FITNESS', 'result': 'PASS', 'limit': 1.0, 'value': 1.86}, {'name': 'LOW_TURNOVER', 'result': 'PASS', 'limit': 0.01, 'value': 0.0231}, {'name': 'HIGH_TURNOVER', 'result': 'PASS', 'limit': 0.7, 'value': 0.0231}, {'name': 'CONCENTRATED_WEIGHT', 'result': 'PASS'}, {'name': 'LOW_SUB_UNIVERSE_SHARPE', 'result': 'PASS', 'limit': 0.79, 'value': 1.32}, {'name': 'SELF_CORRELATION', 'result': 'PENDING'}, {'name': 'MATCHES_COMPETITION', 'result': 'PASS', 'matched': [{'id': 'challenge', 'name': 'Challenge'}], 'unmatched': []}]}"
regular,"{'code': 'rank(adv20/revenue)', 'description': None, 'operatorCount': 2}"
id,YkMQvzq
is,"{'pnl': 2142578, 'bookSize': 20000000, 'longCount': 1338, 'shortCount': 1284, 'turnover': 0.0308, 'returns': 0.0439, 'drawdown': 0.0151, 'margin': 0.0285, 'fitness': 0.92, 'sharpe': 1.56, 'checks': [{'name': 'LOW_SHARPE', 'result': 'PASS', 'limit': 1.25, 'value': 1.56}, {'name': 'LOW_FITNESS', 'result': 'FAIL', 'limit': 1.0, 'value': 0.92}, {'name': 'LOW_TURNOVER', 'result': 'PASS', 'limit': 0.01, 'value': 0.0308}, {'name': 'HIGH_TURNOVER', 'result': 'PASS', 'limit': 0.7, 'value': 0.0308}, {'name': 'CONCENTRATED_WEIGHT', 'result': 'PASS'}, {'name': 'LOW_SUB_UNIVERSE_SHARPE', 'result': 'FAIL', 'limit': 0.68, 'value': 0.67}, {'name': 'SELF_CORRELATION', 'result': 'PENDING'}, {'name': 'MATCHES_COMPETITION', 'result': 'PASS', 'matched': [{'id': 'challenge', 'name': 'Challenge'}], 'unmatched': []}]}"
regular,"{'code': 'rank(adv20/income_tax)', 'description': None, 'operatorCount': 2}"
id,G8Okb6Q
is,"{'pnl': 2408663, 'bookSize': 20000000, 'longCount': 1390, 'shortCount': 1400, 'turnover': 0.0145, 'returns': 0.0494, 'drawdown': 0.0412, 'margin': 0.06785, 'fitness': 0.93, 'sharpe': 1.48, 'checks': [{'name': 'LOW_SHARPE', 'result': 'PASS', 'limit': 1.25, 'value': 1.48}, {'name': 'LOW_FITNESS', 'result': 'FAIL', 'limit': 1.0, 'value': 0.93}, {'name': 'LOW_TURNOVER', 'result': 'PASS', 'limit': 0.01, 'value': 0.0145}, {'name': 'HIGH_TURNOVER', 'result': 'PASS', 'limit': 0.7, 'value': 0.0145}, {'name': 'CONCENTRATED_WEIGHT', 'result': 'PASS'}, {'name': 'LOW_SUB_UNIVERSE_SHARPE', 'result': 'PASS', 'limit': 0.64, 'value': 1.64}, {'name': 'SELF_CORRELATION', 'result': 'PENDING'}, {'name': 'MATCHES_COMPETITION', 'result': 'PASS', 'matched': [{'id': 'challenge', 'name': 'Challenge'}], 'unmatched': []}]}"
regular,"{'code': 'rank(cap/cashflow_fin)', 'description': None, 'operatorCount': 2}"
id,jw81xjj
is,"{'pnl': 1806086, 'bookSize': 20000000, 'longCount': 1290, 'shortCount': 1482, 'turnover': 0.015, 'returns': 0.037, 'drawdown': 0.0273, 'margin': 0.04938, 'fitness': 0.76, 'sharpe': 1.4, 'checks': [{'name': 'LOW_SHARPE', 'result': 'PASS', 'limit': 1.25, 'value': 1.4}, {'name': 'LOW_FITNESS', 'result': 'FAIL', 'limit': 1.0, 'value': 0.76}, {'name': 'LOW_TURNOVER', 'result': 'PASS', 'limit': 0.01, 'value': 0.015}, {'name': 'HIGH_TURNOVER', 'result': 'PASS', 'limit': 0.7, 'value': 0.015}, {'name': 'CONCENTRATED_WEIGHT', 'result': 'PASS'}, {'name': 'LOW_SUB_UNIVERSE_SHARPE', 'result': 'PASS', 'limit': 0.61, 'value': 1.41}, {'name': 'SELF_CORRELATION', 'result': 'PENDING'}, {'name': 'MATCHES_COMPETITION', 'result': 'PASS', 'matched': [{'id': 'challenge', 'name': 'Challenge'}], 'unmatched': []}]}"
regular,"{'code': 'rank(sales/cashflow_fin)', 'description': None, 'operatorCount': 2}"
id,wzbeOrQ
is,"{'pnl': 1782019, 'bookSize': 20000000, 'longCount': 1309, 'shortCount': 1463, 'turnover': 0.0152, 'returns': 0.0365, 'drawdown': 0.0269, 'margin': 0.0479, 'fitness': 0.72, 'sharpe': 1.33, 'checks': [{'name': 'LOW_SHARPE', 'result': 'PASS', 'limit': 1.25, 'value': 1.33}, {'name': 'LOW_FITNESS', 'result': 'FAIL', 'limit': 1.0, 'value': 0.72}, {'name': 'LOW_TURNOVER', 'result': 'PASS', 'limit': 0.01, 'value': 0.0152}, {'name': 'HIGH_TURNOVER', 'result': 'PASS', 'limit': 0.7, 'value': 0.0152}, {'name': 'CONCENTRATED_WEIGHT', 'result': 'PASS'}, {'name': 'LOW_SUB_UNIVERSE_SHARPE', 'result': 'PASS', 'limit': 0.58, 'value': 1.17}, {'name': 'SELF_CORRELATION', 'result': 'PENDING'}, {'name': 'MATCHES_COMPETITION', 'result': 'PASS', 'matched': [{'id': 'challenge', 'name': 'Challenge'}], 'unmatched': []}]}"
regular,"{'code': 'rank(sales_ps/cashflow_fin)', 'description': None, 'operatorCount': 2}"
id,qz0X6o1
is,"{'pnl': 2719101, 'bookSize': 20000000, 'longCount': 1399, 'shortCount': 1358, 'turnover': 0.0237, 'returns': 0.0557, 'drawdown': 0.0267, 'margin': 0.04712, 'fitness': 0.93, 'sharpe': 1.39, 'checks': [{'name': 'LOW_SHARPE', 'result': 'PASS', 'limit': 1.25, 'value': 1.39}, {'name': 'LOW_FITNESS', 'result': 'FAIL', 'limit': 1.0, 'value': 0.93}, {'name': 'LOW_TURNOVER', 'result': 'PASS', 'limit': 0.01, 'value': 0.0237}, {'name': 'HIGH_TURNOVER', 'result': 'PASS', 'limit': 0.7, 'value': 0.0237}, {'name': 'CONCENTRATED_WEIGHT', 'result': 'PASS'}, {'name': 'LOW_SUB_UNIVERSE_SHARPE', 'result': 'PASS', 'limit': 0.6, 'value': 0.78}, {'name': 'SELF_CORRELATION', 'result': 'PENDING'}, {'name': 'MATCHES_COMPETITION', 'result': 'PASS', 'matched': [{'id': 'challenge', 'name': 'Challenge'}], 'unmatched': []}]}"
regular,"{'code': 'rank(income/cashflow_invst)', 'description': None, 'operatorCount': 2}"
id,d71Qb6E
is,"{'pnl': 2087401, 'bookSize': 20000000, 'longCount': 1525, 'shortCount': 1393, 'turnover': 0.0273, 'returns': 0.0428, 'drawdown': 0.0199, 'margin': 0.03131, 'fitness': 0.78, 'sharpe': 1.33, 'checks': [{'name': 'LOW_SHARPE', 'result': 'PASS', 'limit': 1.25, 'value': 1.33}, {'name': 'LOW_FITNESS', 'result': 'FAIL', 'limit': 1.0, 'value': 0.78}, {'name': 'LOW_TURNOVER', 'result': 'PASS', 'limit': 0.01, 'value': 0.0273}, {'name': 'HIGH_TURNOVER', 'result': 'PASS', 'limit': 0.7, 'value': 0.0273}, {'name': 'CONCENTRATED_WEIGHT', 'result': 'PASS'}, {'name': 'LOW_SUB_UNIVERSE_SHARPE', 'result': 'PASS', 'limit': 0.58, 'value': 1.12}, {'name': 'SELF_CORRELATION', 'result': 'PENDING'}, {'name': 'MATCHES_COMPETITION', 'result': 'PASS', 'matched': [{'id': 'challenge', 'name': 'Challenge'}], 'unmatched': []}]}"
regular,"{'code': 'rank(income/pretax_income)', 'description': None, 'operatorCount': 2}"
id,1mZgjXz
is,"{'pnl': 2548656, 'bookSize': 20000000, 'longCount': 1399, 'shortCount': 1357, 'turnover': 0.0237, 'returns': 0.0522, 'drawdown': 0.0251, 'margin': 0.04399, 'fitness': 0.95, 'sharpe': 1.47, 'checks': [{'name': 'LOW_SHARPE', 'result': 'PASS', 'limit': 1.25, 'value': 1.47}, {'name': 'LOW_FITNESS', 'result': 'FAIL', 'limit': 1.0, 'value': 0.95}, {'name': 'LOW_TURNOVER', 'result': 'PASS', 'limit': 0.01, 'value': 0.0237}, {'name': 'HIGH_TURNOVER', 'result': 'PASS', 'limit': 0.7, 'value': 0.0237}, {'name': 'CONCENTRATED_WEIGHT', 'result': 'PASS'}, {'name': 'LOW_SUB_UNIVERSE_SHARPE', 'result': 'PASS', 'limit': 0.64, 'value': 0.68}, {'name': 'SELF_CORRELATION', 'result': 'PENDING'}, {'name': 'MATCHES_COMPETITION', 'result': 'PASS', 'matched': [{'id': 'challenge', 'name': 'Challenge'}], 'unmatched': []}]}"
regular,"{'code': 'rank(eps/cashflow_invst)', 'description': None, 'operatorCount': 2}"
id,rzeo153
is,"{'pnl': 2948400, 'bookSize': 20000000, 'longCount': 1395, 'shortCount': 1362, 'turnover': 0.0183, 'returns': 0.0604, 'drawdown': 0.0507, 'margin': 0.06603, 'fitness': 0.95, 'sharpe': 1.37, 'checks': [{'name': 'LOW_SHARPE', 'result': 'PASS', 'limit': 1.25, 'value': 1.37}, {'name': 'LOW_FITNESS', 'result': 'FAIL', 'limit': 1.0, 'value': 0.95}, {'name': 'LOW_TURNOVER', 'result': 'PASS', 'limit': 0.01, 'value': 0.0183}, {'name': 'HIGH_TURNOVER', 'result': 'PASS', 'limit': 0.7, 'value': 0.0183}, {'name': 'CONCENTRATED_WEIGHT', 'result': 'PASS'}, {'name': 'LOW_SUB_UNIVERSE_SHARPE', 'result': 'PASS', 'limit': 0.59, 'value': 1.5}, {'name': 'SELF_CORRELATION', 'result': 'PENDING'}, {'name': 'MATCHES_COMPETITION', 'result': 'PASS', 'matched': [{'id': 'challenge', 'name': 'Challenge'}], 'unmatched': []}]}"
regular,"{'code': 'rank(cashflow_fin/assets)', 'description': None, 'operatorCount': 2}"
id,mz68LOp
is,"{'pnl': 2989271, 'bookSize': 20000000, 'longCount': 1151, 'shortCount': 1061, 'turnover': 0.0292, 'returns': 0.0613, 'drawdown': 0.0566, 'margin': 0.04194, 'fitness': 0.93, 'sharpe': 1.33, 'checks': [{'name': 'LOW_SHARPE', 'result': 'PASS', 'limit': 1.25, 'value': 1.33}, {'name': 'LOW_FITNESS', 'result': 'FAIL', 'limit': 1.0, 'value': 0.93}, {'name': 'LOW_TURNOVER', 'result': 'PASS', 'limit': 0.01, 'value': 0.0292}, {'name': 'HIGH_TURNOVER', 'result': 'PASS', 'limit': 0.7, 'value': 0.0292}, {'name': 'CONCENTRATED_WEIGHT', 'result': 'PASS'}, {'name': 'LOW_SUB_UNIVERSE_SHARPE', 'result': 'PASS', 'limit': 0.58, 'value': 1.34}, {'name': 'SELF_CORRELATION', 'result': 'PENDING'}, {'name': 'MATCHES_COMPETITION', 'result': 'PASS', 'matched': [{'id': 'challenge', 'name': 'Challenge'}], 'unmatched': []}]}"
regular,"{'code': 'rank(cashflow_fin/debt)', 'description': None, 'operatorCount': 2}"
id,vz2LRLv
is,"{'pnl': 2962798, 'bookSize': 20000000, 'longCount': 1264, 'shortCount': 1176, 'turnover': 0.0216, 'returns': 0.0607, 'drawdown': 0.0587, 'margin': 0.05626, 'fitness': 0.98, 'sharpe': 1.41, 'checks': [{'name': 'LOW_SHARPE', 'result': 'PASS', 'limit': 1.25, 'value': 1.41}, {'name': 'LOW_FITNESS', 'result': 'FAIL', 'limit': 1.0, 'value': 0.98}, {'name': 'LOW_TURNOVER', 'result': 'PASS', 'limit': 0.01, 'value': 0.0216}, {'name': 'HIGH_TURNOVER', 'result': 'PASS', 'limit': 0.7, 'value': 0.0216}, {'name': 'CONCENTRATED_WEIGHT', 'result': 'PASS'}, {'name': 'LOW_SUB_UNIVERSE_SHARPE', 'result': 'PASS', 'limit': 0.61, 'value': 1.41}, {'name': 'SELF_CORRELATION', 'result': 'PENDING'}, {'name': 'MATCHES_COMPETITION', 'result': 'PASS', 'matched': [{'id': 'challenge', 'name': 'Challenge'}], 'unmatched': []}]}"
regular,"{'code': 'rank(cashflow_fin/debt_lt)', 'description': None, 'operatorCount': 2}"
id,NjVpx9E
is,"{'pnl': 2892484, 'bookSize': 20000000, 'longCount': 1326, 'shortCount': 1215, 'turnover': 0.0144, 'returns': 0.0593, 'drawdown': 0.0496, 'margin': 0.08231, 'fitness': 0.91, 'sharpe': 1.32, 'checks': [{'name': 'LOW_SHARPE', 'result': 'PASS', 'limit': 1.25, 'value': 1.32}, {'name': 'LOW_FITNESS', 'result': 'FAIL', 'limit': 1.0, 'value': 0.91}, {'name': 'LOW_TURNOVER', 'result': 'PASS', 'limit': 0.01, 'value': 0.0144}, {'name': 'HIGH_TURNOVER', 'result': 'PASS', 'limit': 0.7, 'value': 0.0144}, {'name': 'CONCENTRATED_WEIGHT', 'result': 'PASS'}, {'name': 'LOW_SUB_UNIVERSE_SHARPE', 'result': 'PASS', 'limit': 0.57, 'value': 1.66}, {'name': 'SELF_CORRELATION', 'result': 'PENDING'}, {'name': 'MATCHES_COMPETITION', 'result': 'PASS', 'matched': [{'id': 'challenge', 'name': 'Challenge'}], 'unmatched': []}]}"
regular,"{'code': 'rank(cashflow_fin/capex)', 'description': None, 'operatorCount': 2}"
id,AavwjPX
is,"{'pnl': 2632713, 'bookSize': 20000000, 'longCount': 1445, 'shortCount': 1307, 'turnover': 0.018, 'returns': 0.0539, 'drawdown': 0.0491, 'margin': 0.06007, 'fitness': 0.89, 'sharpe': 1.35, 'checks': [{'name': 'LOW_SHARPE', 'result': 'PASS', 'limit': 1.25, 'value': 1.35}, {'name': 'LOW_FITNESS', 'result': 'FAIL', 'limit': 1.0, 'value': 0.89}, {'name': 'LOW_TURNOVER', 'result': 'PASS', 'limit': 0.01, 'value': 0.018}, {'name': 'HIGH_TURNOVER', 'result': 'PASS', 'limit': 0.7, 'value': 0.018}, {'name': 'CONCENTRATED_WEIGHT', 'result': 'PASS'}, {'name': 'LOW_SUB_UNIVERSE_SHARPE', 'result': 'PASS', 'limit': 0.58, 'value': 1.47}, {'name': 'SELF_CORRELATION', 'result': 'PENDING'}, {'name': 'MATCHES_COMPETITION', 'result': 'PASS', 'matched': [{'id': 'challenge', 'name': 'Challenge'}], 'unmatched': []}]}"
regular,"{'code': 'rank(cashflow_fin/operating_expense)', 'description': None, 'operatorCount': 2}"
id,0Qr7OX1
is,"{'pnl': 2554915, 'bookSize': 20000000, 'longCount': 1419, 'shortCount': 1278, 'turnover': 0.0171, 'returns': 0.0524, 'drawdown': 0.051, 'margin': 0.0614, 'fitness': 0.87, 'sharpe': 1.34, 'checks': [{'name': 'LOW_SHARPE', 'result': 'PASS', 'limit': 1.25, 'value': 1.34}, {'name': 'LOW_FITNESS', 'result': 'FAIL', 'limit': 1.0, 'value': 0.87}, {'name': 'LOW_TURNOVER', 'result': 'PASS', 'limit': 0.01, 'value': 0.0171}, {'name': 'HIGH_TURNOVER', 'result': 'PASS', 'limit': 0.7, 'value': 0.0171}, {'name': 'CONCENTRATED_WEIGHT', 'result': 'PASS'}, {'name': 'LOW_SUB_UNIVERSE_SHARPE', 'result': 'PASS', 'limit': 0.58, 'value': 1.47}, {'name': 'SELF_CORRELATION', 'result': 'PENDING'}, {'name': 'MATCHES_COMPETITION', 'result': 'PASS', 'matched': [{'id': 'challenge', 'name': 'Challenge'}], 'unmatched': []}]}"
regular,"{'code': 'rank(cashflow_fin/cogs)', 'description': None, 'operatorCount': 2}"
id,96WwY2o
is,"{'pnl': 2815426, 'bookSize': 20000000, 'longCount': 1286, 'shortCount': 1228, 'turnover': 0.0146, 'returns': 0.0577, 'drawdown': 0.0537, 'margin': 0.07925, 'fitness': 0.9, 'sharpe': 1.33, 'checks': [{'name': 'LOW_SHARPE', 'result': 'PASS', 'limit': 1.25, 'value': 1.33}, {'name': 'LOW_FITNESS', 'result': 'FAIL', 'limit': 1.0, 'value': 0.9}, {'name': 'LOW_TURNOVER', 'result': 'PASS', 'limit': 0.01, 'value': 0.0146}, {'name': 'HIGH_TURNOVER', 'result': 'PASS', 'limit': 0.7, 'value': 0.0146}, {'name': 'CONCENTRATED_WEIGHT', 'result': 'PASS'}, {'name': 'LOW_SUB_UNIVERSE_SHARPE', 'result': 'PASS', 'limit': 0.58, 'value': 1.4}, {'name': 'SELF_CORRELATION', 'result': 'PENDING'}, {'name': 'MATCHES_COMPETITION', 'result': 'PASS', 'matched': [{'id': 'challenge', 'name': 'Challenge'}], 'unmatched': []}]}"
regular,"{'code': 'rank(cashflow_fin/revenue)', 'description': None, 'operatorCount': 2}"
id,wzbRmKv
is,"{'pnl': 2975290, 'bookSize': 20000000, 'longCount': 1272, 'shortCount': 1209, 'turnover': 0.0248, 'returns': 0.061, 'drawdown': 0.054, 'margin': 0.04909, 'fitness': 0.92, 'sharpe': 1.32, 'checks': [{'name': 'LOW_SHARPE', 'result': 'PASS', 'limit': 1.25, 'value': 1.32}, {'name': 'LOW_FITNESS', 'result': 'FAIL', 'limit': 1.0, 'value': 0.92}, {'name': 'LOW_TURNOVER', 'result': 'PASS', 'limit': 0.01, 'value': 0.0248}, {'name': 'HIGH_TURNOVER', 'result': 'PASS', 'limit': 0.7, 'value': 0.0248}, {'name': 'CONCENTRATED_WEIGHT', 'result': 'PASS'}, {'name': 'LOW_SUB_UNIVERSE_SHARPE', 'result': 'PASS', 'limit': 0.57, 'value': 1.63}, {'name': 'SELF_CORRELATION', 'result': 'PENDING'}, {'name': 'MATCHES_COMPETITION', 'result': 'PASS', 'matched': [{'id': 'challenge', 'name': 'Challenge'}], 'unmatched': []}]}"
regular,"{'code': 'rank(cashflow_fin/ppent)', 'description': None, 'operatorCount': 2}"
id,WXepq8Q
is,"{'pnl': 2793281, 'bookSize': 20000000, 'longCount': 1399, 'shortCount': 1330, 'turnover': 0.0206, 'returns': 0.0572, 'drawdown': 0.0478, 'margin': 0.05544, 'fitness': 0.91, 'sharpe': 1.34, 'checks': [{'name': 'LOW_SHARPE', 'result': 'PASS', 'limit': 1.25, 'value': 1.34}, {'name': 'LOW_FITNESS', 'result': 'FAIL', 'limit': 1.0, 'value': 0.91}, {'name': 'LOW_TURNOVER', 'result': 'PASS', 'limit': 0.01, 'value': 0.0206}, {'name': 'HIGH_TURNOVER', 'result': 'PASS', 'limit': 0.7, 'value': 0.0206}, {'name': 'CONCENTRATED_WEIGHT', 'result': 'PASS'}, {'name': 'LOW_SUB_UNIVERSE_SHARPE', 'result': 'PASS', 'limit': 0.58, 'value': 1.36}, {'name': 'SELF_CORRELATION', 'result': 'PENDING'}, {'name': 'MATCHES_COMPETITION', 'result': 'PASS', 'matched': [{'id': 'challenge', 'name': 'Challenge'}], 'unmatched': []}]}"
regular,"{'code': 'rank(cashflow_fin/invested_capital)', 'description': None, 'operatorCount': 2}"
id,G8OwawP
is,"{'pnl': 2552644, 'bookSize': 20000000, 'longCount': 1374, 'shortCount': 1249, 'turnover': 0.018, 'returns': 0.0523, 'drawdown': 0.0489, 'margin': 0.05806, 'fitness': 0.83, 'sharpe': 1.29, 'checks': [{'name': 'LOW_SHARPE', 'result': 'PASS', 'limit': 1.25, 'value': 1.29}, {'name': 'LOW_FITNESS', 'result': 'FAIL', 'limit': 1.0, 'value': 0.83}, {'name': 'LOW_TURNOVER', 'result': 'PASS', 'limit': 0.01, 'value': 0.018}, {'name': 'HIGH_TURNOVER', 'result': 'PASS', 'limit': 0.7, 'value': 0.018}, {'name': 'CONCENTRATED_WEIGHT', 'result': 'PASS'}, {'name': 'LOW_SUB_UNIVERSE_SHARPE', 'result': 'PASS', 'limit': 0.56, 'value': 1.55}, {'name': 'SELF_CORRELATION', 'result': 'PENDING'}, {'name': 'MATCHES_COMPETITION', 'result': 'PASS', 'matched': [{'id': 'challenge', 'name': 'Challenge'}], 'unmatched': []}]}"
regular,"{'code': 'rank(cashflow_fin/employee)', 'description': None, 'operatorCount': 2}"
id,96Ww1qr
is,"{'pnl': 2637522, 'bookSize': 20000000, 'longCount': 1155, 'shortCount': 1114, 'turnover': 0.0175, 'returns': 0.054, 'drawdown': 0.0498, 'margin': 0.06177, 'fitness': 0.91, 'sharpe': 1.39, 'checks': [{'name': 'LOW_SHARPE', 'result': 'PASS', 'limit': 1.25, 'value': 1.39}, {'name': 'LOW_FITNESS', 'result': 'FAIL', 'limit': 1.0, 'value': 0.91}, {'name': 'LOW_TURNOVER', 'result': 'PASS', 'limit': 0.01, 'value': 0.0175}, {'name': 'HIGH_TURNOVER', 'result': 'PASS', 'limit': 0.7, 'value': 0.0175}, {'name': 'CONCENTRATED_WEIGHT', 'result': 'PASS'}, {'name': 'LOW_SUB_UNIVERSE_SHARPE', 'result': 'PASS', 'limit': 0.6, 'value': 1.5}, {'name': 'SELF_CORRELATION', 'result': 'PENDING'}, {'name': 'MATCHES_COMPETITION', 'result': 'PASS', 'matched': [{'id': 'challenge', 'name': 'Challenge'}], 'unmatched': []}]}"
regular,"{'code': 'rank(cashflow_fin/sga_expense)', 'description': None, 'operatorCount': 2}"
id,lzKVOZ5
is,"{'pnl': 1719061, 'bookSize': 20000000, 'longCount': 1275, 'shortCount': 1224, 'turnover': 0.0282, 'returns': 0.0352, 'drawdown': 0.0235, 'margin': 0.02502, 'fitness': 0.76, 'sharpe': 1.44, 'checks': [{'name': 'LOW_SHARPE', 'result': 'PASS', 'limit': 1.25, 'value': 1.44}, {'name': 'LOW_FITNESS', 'result': 'FAIL', 'limit': 1.0, 'value': 0.76}, {'name': 'LOW_TURNOVER', 'result': 'PASS', 'limit': 0.01, 'value': 0.0282}, {'name': 'HIGH_TURNOVER', 'result': 'PASS', 'limit': 0.7, 'value': 0.0282}, {'name': 'CONCENTRATED_WEIGHT', 'result': 'PASS'}, {'name': 'LOW_SUB_UNIVERSE_SHARPE', 'result': 'PASS', 'limit': 0.62, 'value': 1.37}, {'name': 'SELF_CORRELATION', 'result': 'PENDING'}, {'name': 'MATCHES_COMPETITION', 'result': 'PASS', 'matched': [{'id': 'challenge', 'name': 'Challenge'}], 'unmatched': []}]}"
regular,"{'code': 'rank(cashflow_fin/income_tax)', 'description': None, 'operatorCount': 2}"
id,gPZ1pGO
is,"{'pnl': 1970677, 'bookSize': 20000000, 'longCount': 1390, 'shortCount': 1356, 'turnover': 0.0249, 'returns': 0.0404, 'drawdown': 0.0179, 'margin': 0.03238, 'fitness': 0.89, 'sharpe': 1.56, 'checks': [{'name': 'LOW_SHARPE', 'result': 'PASS', 'limit': 1.25, 'value': 1.56}, {'name': 'LOW_FITNESS', 'result': 'FAIL', 'limit': 1.0, 'value': 0.89}, {'name': 'LOW_TURNOVER', 'result': 'PASS', 'limit': 0.01, 'value': 0.0249}, {'name': 'HIGH_TURNOVER', 'result': 'PASS', 'limit': 0.7, 'value': 0.0249}, {'name': 'CONCENTRATED_WEIGHT', 'result': 'PASS'}, {'name': 'LOW_SUB_UNIVERSE_SHARPE', 'result': 'PASS', 'limit': 0.68, 'value': 1.13}, {'name': 'SELF_CORRELATION', 'result': 'PENDING'}, {'name': 'MATCHES_COMPETITION', 'result': 'PASS', 'matched': [{'id': 'challenge', 'name': 'Challenge'}], 'unmatched': []}]}"
regular,"{'code': 'rank(cashflow_invst/operating_income)', 'description': None, 'operatorCount': 2}"
id,qz0AZdP
is,"{'pnl': 2375631, 'bookSize': 20000000, 'longCount': 1328, 'shortCount': 1427, 'turnover': 0.0267, 'returns': 0.0487, 'drawdown': 0.0423, 'margin': 0.03651, 'fitness': 0.81, 'sharpe': 1.29, 'checks': [{'name': 'LOW_SHARPE', 'result': 'PASS', 'limit': 1.25, 'value': 1.29}, {'name': 'LOW_FITNESS', 'result': 'FAIL', 'limit': 1.0, 'value': 0.81}, {'name': 'LOW_TURNOVER', 'result': 'PASS', 'limit': 0.01, 'value': 0.0267}, {'name': 'HIGH_TURNOVER', 'result': 'PASS', 'limit': 0.7, 'value': 0.0267}, {'name': 'CONCENTRATED_WEIGHT', 'result': 'PASS'}, {'name': 'LOW_SUB_UNIVERSE_SHARPE', 'result': 'PASS', 'limit': 0.56, 'value': 0.95}, {'name': 'SELF_CORRELATION', 'result': 'PENDING'}, {'name': 'MATCHES_COMPETITION', 'result': 'PASS', 'matched': [{'id': 'challenge', 'name': 'Challenge'}], 'unmatched': []}]}"
regular,"{'code': 'rank(cashflow_invst/return_assets)', 'description': None, 'operatorCount': 2}"
id,aPxd3dv
is,"{'pnl': 2287052, 'bookSize': 20000000, 'longCount': 1339, 'shortCount': 1402, 'turnover': 0.0268, 'returns': 0.0469, 'drawdown': 0.0402, 'margin': 0.03501, 'fitness': 0.79, 'sharpe': 1.29, 'checks': [{'name': 'LOW_SHARPE', 'result': 'PASS', 'limit': 1.25, 'value': 1.29}, {'name': 'LOW_FITNESS', 'result': 'FAIL', 'limit': 1.0, 'value': 0.79}, {'name': 'LOW_TURNOVER', 'result': 'PASS', 'limit': 0.01, 'value': 0.0268}, {'name': 'HIGH_TURNOVER', 'result': 'PASS', 'limit': 0.7, 'value': 0.0268}, {'name': 'CONCENTRATED_WEIGHT', 'result': 'PASS'}, {'name': 'LOW_SUB_UNIVERSE_SHARPE', 'result': 'PASS', 'limit': 0.56, 'value': 1.12}, {'name': 'SELF_CORRELATION', 'result': 'PENDING'}, {'name': 'MATCHES_COMPETITION', 'result': 'PASS', 'matched': [{'id': 'challenge', 'name': 'Challenge'}], 'unmatched': []}]}"
regular,"{'code': 'rank(cashflow_invst/return_equity)', 'description': None, 'operatorCount': 2}"
id,pz56Qgo
is,"{'pnl': 1933905, 'bookSize': 20000000, 'longCount': 1381, 'shortCount': 1404, 'turnover': 0.0258, 'returns': 0.0396, 'drawdown': 0.0297, 'margin': 0.03075, 'fitness': 0.82, 'sharpe': 1.45, 'checks': [{'name': 'LOW_SHARPE', 'result': 'PASS', 'limit': 1.25, 'value': 1.45}, {'name': 'LOW_FITNESS', 'result': 'FAIL', 'limit': 1.0, 'value': 0.82}, {'name': 'LOW_TURNOVER', 'result': 'PASS', 'limit': 0.01, 'value': 0.0258}, {'name': 'HIGH_TURNOVER', 'result': 'PASS', 'limit': 0.7, 'value': 0.0258}, {'name': 'CONCENTRATED_WEIGHT', 'result': 'PASS'}, {'name': 'LOW_SUB_UNIVERSE_SHARPE', 'result': 'PASS', 'limit': 0.63, 'value': 0.89}, {'name': 'SELF_CORRELATION', 'result': 'PENDING'}, {'name': 'MATCHES_COMPETITION', 'result': 'PASS', 'matched': [{'id': 'challenge', 'name': 'Challenge'}], 'unmatched': []}]}"
regular,"{'code': 'rank(cashflow_invst/income_beforeextra)', 'description': None, 'operatorCount': 2}"
id,1mZ76mX
is,"{'pnl': 1984762, 'bookSize': 20000000, 'longCount': 1381, 'shortCount': 1394, 'turnover': 0.0258, 'returns': 0.0407, 'drawdown': 0.0231, 'margin': 0.03154, 'fitness': 0.82, 'sharpe': 1.44, 'checks': [{'name': 'LOW_SHARPE', 'result': 'PASS', 'limit': 1.25, 'value': 1.44}, {'name': 'LOW_FITNESS', 'result': 'FAIL', 'limit': 1.0, 'value': 0.82}, {'name': 'LOW_TURNOVER', 'result': 'PASS', 'limit': 0.01, 'value': 0.0258}, {'name': 'HIGH_TURNOVER', 'result': 'PASS', 'limit': 0.7, 'value': 0.0258}, {'name': 'CONCENTRATED_WEIGHT', 'result': 'PASS'}, {'name': 'LOW_SUB_UNIVERSE_SHARPE', 'result': 'PASS', 'limit': 0.62, 'value': 1.14}, {'name': 'SELF_CORRELATION', 'result': 'PENDING'}, {'name': 'MATCHES_COMPETITION', 'result': 'PASS', 'matched': [{'id': 'challenge', 'name': 'Challenge'}], 'unmatched': []}]}"
regular,"{'code': 'rank(cashflow_invst/pretax_income)', 'description': None, 'operatorCount': 2}"
id,d71xePw
is,"{'pnl': 1549000, 'bookSize': 20000000, 'longCount': 1411, 'shortCount': 1383, 'turnover': 0.0146, 'returns': 0.0317, 'drawdown': 0.0151, 'margin': 0.04334, 'fitness': 0.63, 'sharpe': 1.25, 'checks': [{'name': 'LOW_SHARPE', 'result': 'PASS', 'limit': 1.25, 'value': 1.25}, {'name': 'LOW_FITNESS', 'result': 'FAIL', 'limit': 1.0, 'value': 0.63}, {'name': 'LOW_TURNOVER', 'result': 'PASS', 'limit': 0.01, 'value': 0.0146}, {'name': 'HIGH_TURNOVER', 'result': 'PASS', 'limit': 0.7, 'value': 0.0146}, {'name': 'CONCENTRATED_WEIGHT', 'result': 'PASS'}, {'name': 'LOW_SUB_UNIVERSE_SHARPE', 'result': 'PASS', 'limit': 0.54, 'value': 0.66}, {'name': 'SELF_CORRELATION', 'result': 'PENDING'}, {'name': 'MATCHES_COMPETITION', 'result': 'PASS', 'matched': [{'id': 'challenge', 'name': 'Challenge'}], 'unmatched': []}]}"
regular,"{'code': 'rank(cashflow_invst/ebit)', 'description': None, 'operatorCount': 2}"
id,K8r9n1x
is,"{'pnl': 2134565, 'bookSize': 20000000, 'longCount': 880, 'shortCount': 904, 'turnover': 0.0321, 'returns': 0.0437, 'drawdown': 0.0211, 'margin': 0.02729, 'fitness': 0.84, 'sharpe': 1.42, 'checks': [{'name': 'LOW_SHARPE', 'result': 'PASS', 'limit': 1.25, 'value': 1.42}, {'name': 'LOW_FITNESS', 'result': 'FAIL', 'limit': 1.0, 'value': 0.84}, {'name': 'LOW_TURNOVER', 'result': 'PASS', 'limit': 0.01, 'value': 0.0321}, {'name': 'HIGH_TURNOVER', 'result': 'PASS', 'limit': 0.7, 'value': 0.0321}, {'name': 'CONCENTRATED_WEIGHT', 'result': 'PASS'}, {'name': 'LOW_SUB_UNIVERSE_SHARPE', 'result': 'PASS', 'limit': 0.61, 'value': 1.93}, {'name': 'SELF_CORRELATION', 'result': 'PENDING'}, {'name': 'MATCHES_COMPETITION', 'result': 'PASS', 'matched': [{'id': 'challenge', 'name': 'Challenge'}], 'unmatched': []}]}"
regular,"{'code': 'rank(debt/goodwill)', 'description': None, 'operatorCount': 2}"
id,ozWllbk
is,"{'pnl': 2275415, 'bookSize': 20000000, 'longCount': 940, 'shortCount': 957, 'turnover': 0.0292, 'returns': 0.0466, 'drawdown': 0.0179, 'margin': 0.03199, 'fitness': 0.91, 'sharpe': 1.49, 'checks': [{'name': 'LOW_SHARPE', 'result': 'PASS', 'limit': 1.25, 'value': 1.49}, {'name': 'LOW_FITNESS', 'result': 'FAIL', 'limit': 1.0, 'value': 0.91}, {'name': 'LOW_TURNOVER', 'result': 'PASS', 'limit': 0.01, 'value': 0.0292}, {'name': 'HIGH_TURNOVER', 'result': 'PASS', 'limit': 0.7, 'value': 0.0292}, {'name': 'CONCENTRATED_WEIGHT', 'result': 'PASS'}, {'name': 'LOW_SUB_UNIVERSE_SHARPE', 'result': 'PASS', 'limit': 0.65, 'value': 2.09}, {'name': 'SELF_CORRELATION', 'result': 'PENDING'}, {'name': 'MATCHES_COMPETITION', 'result': 'PASS', 'matched': [{'id': 'challenge', 'name': 'Challenge'}], 'unmatched': []}]}"
regular,"{'code': 'rank(debt_lt/goodwill)', 'description': None, 'operatorCount': 2}"
id,6qKJ5vL
is,"{'pnl': 1938275, 'bookSize': 20000000, 'longCount': 896, 'shortCount': 927, 'turnover': 0.0289, 'returns': 0.0397, 'drawdown': 0.0163, 'margin': 0.02752, 'fitness': 0.79, 'sharpe': 1.41, 'checks': [{'name': 'LOW_SHARPE', 'result': 'PASS', 'limit': 1.25, 'value': 1.41}, {'name': 'LOW_FITNESS', 'result': 'FAIL', 'limit': 1.0, 'value': 0.79}, {'name': 'LOW_TURNOVER', 'result': 'PASS', 'limit': 0.01, 'value': 0.0289}, {'name': 'HIGH_TURNOVER', 'result': 'PASS', 'limit': 0.7, 'value': 0.0289}, {'name': 'CONCENTRATED_WEIGHT', 'result': 'PASS'}, {'name': 'LOW_SUB_UNIVERSE_SHARPE', 'result': 'PASS', 'limit': 0.61, 'value': 1.77}, {'name': 'SELF_CORRELATION', 'result': 'PENDING'}, {'name': 'MATCHES_COMPETITION', 'result': 'PASS', 'matched': [{'id': 'challenge', 'name': 'Challenge'}], 'unmatched': []}]}"
regular,"{'code': 'rank(capex/goodwill)', 'description': None, 'operatorCount': 2}"
id,Vl0eEpY
is,"{'pnl': 2669378, 'bookSize': 20000000, 'longCount': 1387, 'shortCount': 1332, 'turnover': 0.0225, 'returns': 0.0547, 'drawdown': 0.0251, 'margin': 0.04858, 'fitness': 0.96, 'sharpe': 1.45, 'checks': [{'name': 'LOW_SHARPE', 'result': 'PASS', 'limit': 1.25, 'value': 1.45}, {'name': 'LOW_FITNESS', 'result': 'FAIL', 'limit': 1.0, 'value': 0.96}, {'name': 'LOW_TURNOVER', 'result': 'PASS', 'limit': 0.01, 'value': 0.0225}, {'name': 'HIGH_TURNOVER', 'result': 'PASS', 'limit': 0.7, 'value': 0.0225}, {'name': 'CONCENTRATED_WEIGHT', 'result': 'PASS'}, {'name': 'LOW_SUB_UNIVERSE_SHARPE', 'result': 'PASS', 'limit': 0.63, 'value': 1.0}, {'name': 'SELF_CORRELATION', 'result': 'PENDING'}, {'name': 'MATCHES_COMPETITION', 'result': 'PASS', 'matched': [{'id': 'challenge', 'name': 'Challenge'}], 'unmatched': []}]}"
regular,"{'code': 'rank(operating_income/cashflow_invst)', 'description': None, 'operatorCount': 2}"
id,LXZ3vGe
is,"{'pnl': 1928549, 'bookSize': 20000000, 'longCount': 1278, 'shortCount': 1470, 'turnover': 0.0171, 'returns': 0.0395, 'drawdown': 0.0308, 'margin': 0.04619, 'fitness': 0.78, 'sharpe': 1.39, 'checks': [{'name': 'LOW_SHARPE', 'result': 'PASS', 'limit': 1.25, 'value': 1.39}, {'name': 'LOW_FITNESS', 'result': 'FAIL', 'limit': 1.0, 'value': 0.78}, {'name': 'LOW_TURNOVER', 'result': 'PASS', 'limit': 0.01, 'value': 0.0171}, {'name': 'HIGH_TURNOVER', 'result': 'PASS', 'limit': 0.7, 'value': 0.0171}, {'name': 'CONCENTRATED_WEIGHT', 'result': 'PASS'}, {'name': 'LOW_SUB_UNIVERSE_SHARPE', 'result': 'PASS', 'limit': 0.6, 'value': 1.35}, {'name': 'SELF_CORRELATION', 'result': 'PENDING'}, {'name': 'MATCHES_COMPETITION', 'result': 'PASS', 'matched': [{'id': 'challenge', 'name': 'Challenge'}], 'unmatched': []}]}"
regular,"{'code': 'rank(operating_expense/cashflow_fin)', 'description': None, 'operatorCount': 2}"
id,K8rWGjg
is,"{'pnl': 1832633, 'bookSize': 20000000, 'longCount': 1272, 'shortCount': 1483, 'turnover': 0.0167, 'returns': 0.0376, 'drawdown': 0.0249, 'margin': 0.0449, 'fitness': 0.75, 'sharpe': 1.37, 'checks': [{'name': 'LOW_SHARPE', 'result': 'PASS', 'limit': 1.25, 'value': 1.37}, {'name': 'LOW_FITNESS', 'result': 'FAIL', 'limit': 1.0, 'value': 0.75}, {'name': 'LOW_TURNOVER', 'result': 'PASS', 'limit': 0.01, 'value': 0.0167}, {'name': 'HIGH_TURNOVER', 'result': 'PASS', 'limit': 0.7, 'value': 0.0167}, {'name': 'CONCENTRATED_WEIGHT', 'result': 'PASS'}, {'name': 'LOW_SUB_UNIVERSE_SHARPE', 'result': 'PASS', 'limit': 0.59, 'value': 1.33}, {'name': 'SELF_CORRELATION', 'result': 'PENDING'}, {'name': 'MATCHES_COMPETITION', 'result': 'PASS', 'matched': [{'id': 'challenge', 'name': 'Challenge'}], 'unmatched': []}]}"
regular,"{'code': 'rank(cogs/cashflow_fin)', 'description': None, 'operatorCount': 2}"
id,0Qjbanr
is,"{'pnl': 2520118, 'bookSize': 20000000, 'longCount': 1377, 'shortCount': 1351, 'turnover': 0.026, 'returns': 0.0516, 'drawdown': 0.0217, 'margin': 0.03978, 'fitness': 0.94, 'sharpe': 1.47, 'checks': [{'name': 'LOW_SHARPE', 'result': 'PASS', 'limit': 1.25, 'value': 1.47}, {'name': 'LOW_FITNESS', 'result': 'FAIL', 'limit': 1.0, 'value': 0.94}, {'name': 'LOW_TURNOVER', 'result': 'PASS', 'limit': 0.01, 'value': 0.026}, {'name': 'HIGH_TURNOVER', 'result': 'PASS', 'limit': 0.7, 'value': 0.026}, {'name': 'CONCENTRATED_WEIGHT', 'result': 'PASS'}, {'name': 'LOW_SUB_UNIVERSE_SHARPE', 'result': 'FAIL', 'limit': 0.64, 'value': 0.47}, {'name': 'SELF_CORRELATION', 'result': 'PENDING'}, {'name': 'MATCHES_COMPETITION', 'result': 'PASS', 'matched': [{'id': 'challenge', 'name': 'Challenge'}], 'unmatched': []}]}"
regular,"{'code': 'rank(return_assets/cashflow_invst)', 'description': None, 'operatorCount': 2}"
id,OmJOK7b
is,"{'pnl': 1900642, 'bookSize': 20000000, 'longCount': 880, 'shortCount': 852, 'turnover': 0.026, 'returns': 0.0389, 'drawdown': 0.029, 'margin': 0.02996, 'fitness': 0.7, 'sharpe': 1.26, 'checks': [{'name': 'LOW_SHARPE', 'result': 'PASS', 'limit': 1.25, 'value': 1.26}, {'name': 'LOW_FITNESS', 'result': 'FAIL', 'limit': 1.0, 'value': 0.7}, {'name': 'LOW_TURNOVER', 'result': 'PASS', 'limit': 0.01, 'value': 0.026}, {'name': 'HIGH_TURNOVER', 'result': 'PASS', 'limit': 0.7, 'value': 0.026}, {'name': 'CONCENTRATED_WEIGHT', 'result': 'PASS'}, {'name': 'LOW_SUB_UNIVERSE_SHARPE', 'result': 'PASS', 'limit': 0.55, 'value': 0.65}, {'name': 'SELF_CORRELATION', 'result': 'PENDING'}, {'name': 'MATCHES_COMPETITION', 'result': 'PASS', 'matched': [{'id': 'challenge', 'name': 'Challenge'}], 'unmatched': []}]}"
regular,"{'code': 'rank(inventory_turnover/cashflow_fin)', 'description': None, 'operatorCount': 2}"
id,M80WL58
is,"{'pnl': 1823114, 'bookSize': 20000000, 'longCount': 1309, 'shortCount': 1332, 'turnover': 0.0238, 'returns': 0.0374, 'drawdown': 0.0287, 'margin': 0.03146, 'fitness': 0.79, 'sharpe': 1.45, 'checks': [{'name': 'LOW_SHARPE', 'result': 'PASS', 'limit': 1.25, 'value': 1.45}, {'name': 'LOW_FITNESS', 'result': 'FAIL', 'limit': 1.0, 'value': 0.79}, {'name': 'LOW_TURNOVER', 'result': 'PASS', 'limit': 0.01, 'value': 0.0238}, {'name': 'HIGH_TURNOVER', 'result': 'PASS', 'limit': 0.7, 'value': 0.0238}, {'name': 'CONCENTRATED_WEIGHT', 'result': 'PASS'}, {'name': 'LOW_SUB_UNIVERSE_SHARPE', 'result': 'PASS', 'limit': 0.63, 'value': 1.32}, {'name': 'SELF_CORRELATION', 'result': 'PENDING'}, {'name': 'MATCHES_COMPETITION', 'result': 'PASS', 'matched': [{'id': 'challenge', 'name': 'Challenge'}], 'unmatched': []}]}"
regular,"{'code': 'rank(receivable/cashflow_fin)', 'description': None, 'operatorCount': 2}"
id,M80Rwon
is,"{'pnl': 2376616, 'bookSize': 20000000, 'longCount': 1284, 'shortCount': 1252, 'turnover': 0.0344, 'returns': 0.0487, 'drawdown': 0.0281, 'margin': 0.02828, 'fitness': 0.8, 'sharpe': 1.28, 'checks': [{'name': 'LOW_SHARPE', 'result': 'PASS', 'limit': 1.25, 'value': 1.28}, {'name': 'LOW_FITNESS', 'result': 'FAIL', 'limit': 1.0, 'value': 0.8}, {'name': 'LOW_TURNOVER', 'result': 'PASS', 'limit': 0.01, 'value': 0.0344}, {'name': 'HIGH_TURNOVER', 'result': 'PASS', 'limit': 0.7, 'value': 0.0344}, {'name': 'CONCENTRATED_WEIGHT', 'result': 'PASS'}, {'name': 'LOW_SUB_UNIVERSE_SHARPE', 'result': 'PASS', 'limit': 0.55, 'value': 0.82}, {'name': 'SELF_CORRELATION', 'result': 'PENDING'}, {'name': 'MATCHES_COMPETITION', 'result': 'PASS', 'matched': [{'id': 'challenge', 'name': 'Challenge'}], 'unmatched': []}]}"
regular,"{'code': 'rank(retained_earnings/cashflow_invst)', 'description': None, 'operatorCount': 2}"
id,vzOMoGA
is,"{'pnl': 1782379, 'bookSize': 20000000, 'longCount': 1219, 'shortCount': 1362, 'turnover': 0.0146, 'returns': 0.0365, 'drawdown': 0.028, 'margin': 0.05005, 'fitness': 0.72, 'sharpe': 1.34, 'checks': [{'name': 'LOW_SHARPE', 'result': 'PASS', 'limit': 1.25, 'value': 1.34}, {'name': 'LOW_FITNESS', 'result': 'FAIL', 'limit': 1.0, 'value': 0.72}, {'name': 'LOW_TURNOVER', 'result': 'PASS', 'limit': 0.01, 'value': 0.0146}, {'name': 'HIGH_TURNOVER', 'result': 'PASS', 'limit': 0.7, 'value': 0.0146}, {'name': 'CONCENTRATED_WEIGHT', 'result': 'PASS'}, {'name': 'LOW_SUB_UNIVERSE_SHARPE', 'result': 'PASS', 'limit': 0.58, 'value': 1.38}, {'name': 'SELF_CORRELATION', 'result': 'PENDING'}, {'name': 'MATCHES_COMPETITION', 'result': 'PASS', 'matched': [{'id': 'challenge', 'name': 'Challenge'}], 'unmatched': []}]}"
regular,"{'code': 'rank(revenue/cashflow_fin)', 'description': None, 'operatorCount': 2}"
id,7XorweQ
is,"{'pnl': 2658812, 'bookSize': 20000000, 'longCount': 1400, 'shortCount': 1358, 'turnover': 0.0235, 'returns': 0.0545, 'drawdown': 0.0287, 'margin': 0.0464, 'fitness': 0.89, 'sharpe': 1.35, 'checks': [{'name': 'LOW_SHARPE', 'result': 'PASS', 'limit': 1.25, 'value': 1.35}, {'name': 'LOW_FITNESS', 'result': 'FAIL', 'limit': 1.0, 'value': 0.89}, {'name': 'LOW_TURNOVER', 'result': 'PASS', 'limit': 0.01, 'value': 0.0235}, {'name': 'HIGH_TURNOVER', 'result': 'PASS', 'limit': 0.7, 'value': 0.0235}, {'name': 'CONCENTRATED_WEIGHT', 'result': 'PASS'}, {'name': 'LOW_SUB_UNIVERSE_SHARPE', 'result': 'PASS', 'limit': 0.58, 'value': 0.79}, {'name': 'SELF_CORRELATION', 'result': 'PENDING'}, {'name': 'MATCHES_COMPETITION', 'result': 'PASS', 'matched': [{'id': 'challenge', 'name': 'Challenge'}], 'unmatched': []}]}"
regular,"{'code': 'rank(income_beforeextra/cashflow_invst)', 'description': None, 'operatorCount': 2}"
id,aPV9Rzx
is,"{'pnl': 2641035, 'bookSize': 20000000, 'longCount': 1394, 'shortCount': 1353, 'turnover': 0.0233, 'returns': 0.0541, 'drawdown': 0.0275, 'margin': 0.04639, 'fitness': 0.86, 'sharpe': 1.31, 'checks': [{'name': 'LOW_SHARPE', 'result': 'PASS', 'limit': 1.25, 'value': 1.31}, {'name': 'LOW_FITNESS', 'result': 'FAIL', 'limit': 1.0, 'value': 0.86}, {'name': 'LOW_TURNOVER', 'result': 'PASS', 'limit': 0.01, 'value': 0.0233}, {'name': 'HIGH_TURNOVER', 'result': 'PASS', 'limit': 0.7, 'value': 0.0233}, {'name': 'CONCENTRATED_WEIGHT', 'result': 'PASS'}, {'name': 'LOW_SUB_UNIVERSE_SHARPE', 'result': 'PASS', 'limit': 0.57, 'value': 0.78}, {'name': 'SELF_CORRELATION', 'result': 'PENDING'}, {'name': 'MATCHES_COMPETITION', 'result': 'PASS', 'matched': [{'id': 'challenge', 'name': 'Challenge'}], 'unmatched': []}]}"
regular,"{'code': 'rank(pretax_income/cashflow_invst)', 'description': None, 'operatorCount': 2}"
id,Vlx8rkG
is,"{'pnl': 3094951, 'bookSize': 20000000, 'longCount': 1101, 'shortCount': 1015, 'turnover': 0.0223, 'returns': 0.0634, 'drawdown': 0.029, 'margin': 0.05676, 'fitness': 0.93, 'sharpe': 1.3, 'checks': [{'name': 'LOW_SHARPE', 'result': 'PASS', 'limit': 1.25, 'value': 1.3}, {'name': 'LOW_FITNESS', 'result': 'FAIL', 'limit': 1.0, 'value': 0.93}, {'name': 'LOW_TURNOVER', 'result': 'PASS', 'limit': 0.01, 'value': 0.0223}, {'name': 'HIGH_TURNOVER', 'result': 'PASS', 'limit': 0.7, 'value': 0.0223}, {'name': 'CONCENTRATED_WEIGHT', 'result': 'PASS'}, {'name': 'LOW_SUB_UNIVERSE_SHARPE', 'result': 'PASS', 'limit': 0.56, 'value': 1.48}, {'name': 'SELF_CORRELATION', 'result': 'PENDING'}, {'name': 'MATCHES_COMPETITION', 'result': 'PASS', 'matched': [{'id': 'challenge', 'name': 'Challenge'}], 'unmatched': []}]}"
regular,"{'code': 'rank(cash/assets)', 'description': None, 'operatorCount': 2}"
