id,LXZg72v
is,"{'pnl': 8358027, 'bookSize': 20000000, 'longCount': 1494, 'shortCount': 1549, 'turnover': 0.2596, 'returns': 0.1713, 'drawdown': 0.0935, 'margin': 0.0132, 'fitness': 1.26, 'sharpe': 1.55, 'checks': [{'name': 'LOW_SHARPE', 'result': 'PASS', 'limit': 1.25, 'value': 1.55}, {'name': 'LOW_FITNESS', 'result': 'PASS', 'limit': 1.0, 'value': 1.26}, {'name': 'LOW_TURNOVER', 'result': 'PASS', 'limit': 0.01, 'value': 0.2596}, {'name': 'HIGH_TURNOVER', 'result': 'PASS', 'limit': 0.7, 'value': 0.2596}, {'name': 'CONCENTRATED_WEIGHT', 'result': 'PASS'}, {'name': 'LOW_SUB_UNIVERSE_SHARPE', 'result': 'PASS', 'limit': 0.67, 'value': 1.57}, {'name': 'SELF_CORRELATION', 'result': 'PENDING'}, {'name': 'MATCHES_COMPETITION', 'result': 'PASS', 'matched': [{'id': 'challenge', 'name': 'Challenge'}], 'unmatched': []}]}"
regular,"{'code': 'rank(open/low)', 'description': None, 'operatorCount': 2}"
id,bPONxYp
is,"{'pnl': 5756168, 'bookSize': 20000000, 'longCount': 1549, 'shortCount': 1493, 'turnover': 0.083, 'returns': 0.118, 'drawdown': 0.0391, 'margin': 0.02841, 'fitness': 1.65, 'sharpe': 1.7, 'checks': [{'name': 'LOW_SHARPE', 'result': 'PASS', 'limit': 1.25, 'value': 1.7}, {'name': 'LOW_FITNESS', 'result': 'PASS', 'limit': 1.0, 'value': 1.65}, {'name': 'LOW_TURNOVER', 'result': 'PASS', 'limit': 0.01, 'value': 0.083}, {'name': 'HIGH_TURNOVER', 'result': 'PASS', 'limit': 0.7, 'value': 0.083}, {'name': 'CONCENTRATED_WEIGHT', 'result': 'PASS'}, {'name': 'LOW_SUB_UNIVERSE_SHARPE', 'result': 'PASS', 'limit': 0.74, 'value': 1.17}, {'name': 'SELF_CORRELATION', 'result': 'PENDING'}, {'name': 'MATCHES_COMPETITION', 'result': 'PASS', 'matched': [{'id': 'challenge', 'name': 'Challenge'}], 'unmatched': []}]}"
regular,"{'code': 'rank(volume/sharesout)', 'description': None, 'operatorCount': 2}"
id,LXZn8Ge
is,"{'pnl': 5968751, 'bookSize': 20000000, 'longCount': 1534, 'shortCount': 1509, 'turnover': 0.0483, 'returns': 0.1223, 'drawdown': 0.0946, 'margin': 0.05066, 'fitness': 1.28, 'sharpe': 1.29, 'checks': [{'name': 'LOW_SHARPE', 'result': 'PASS', 'limit': 1.25, 'value': 1.29}, {'name': 'LOW_FITNESS', 'result': 'PASS', 'limit': 1.0, 'value': 1.28}, {'name': 'LOW_TURNOVER', 'result': 'PASS', 'limit': 0.01, 'value': 0.0483}, {'name': 'HIGH_TURNOVER', 'result': 'PASS', 'limit': 0.7, 'value': 0.0483}, {'name': 'CONCENTRATED_WEIGHT', 'result': 'PASS'}, {'name': 'LOW_SUB_UNIVERSE_SHARPE', 'result': 'PASS', 'limit': 0.56, 'value': 0.81}, {'name': 'SELF_CORRELATION', 'result': 'PENDING'}, {'name': 'MATCHES_COMPETITION', 'result': 'PASS', 'matched': [{'id': 'challenge', 'name': 'Challenge'}], 'unmatched': []}]}"
regular,"{'code': 'rank(volume/cap)', 'description': None, 'operatorCount': 2}"
id,56gLGGJ
is,"{'pnl': 6074260, 'bookSize': 20000000, 'longCount': 1438, 'shortCount': 1399, 'turnover': 0.05, 'returns': 0.1245, 'drawdown': 0.0524, 'margin': 0.0498, 'fitness': 1.81, 'sharpe': 1.81, 'checks': [{'name': 'LOW_SHARPE', 'result': 'PASS', 'limit': 1.25, 'value': 1.81}, {'name': 'LOW_FITNESS', 'result': 'PASS', 'limit': 1.0, 'value': 1.81}, {'name': 'LOW_TURNOVER', 'result': 'PASS', 'limit': 0.01, 'value': 0.05}, {'name': 'HIGH_TURNOVER', 'result': 'PASS', 'limit': 0.7, 'value': 0.05}, {'name': 'CONCENTRATED_WEIGHT', 'result': 'PASS'}, {'name': 'LOW_SUB_UNIVERSE_SHARPE', 'result': 'PASS', 'limit': 0.78, 'value': 1.24}, {'name': 'SELF_CORRELATION', 'result': 'PENDING'}, {'name': 'MATCHES_COMPETITION', 'result': 'PASS', 'matched': [{'id': 'challenge', 'name': 'Challenge'}], 'unmatched': []}]}"
regular,"{'code': 'rank(volume/sales)', 'description': None, 'operatorCount': 2}"
id,36VE1r0
is,"{'pnl': 3971855, 'bookSize': 20000000, 'longCount': 1445, 'shortCount': 1392, 'turnover': 0.0372, 'returns': 0.0814, 'drawdown': 0.0258, 'margin': 0.0438, 'fitness': 1.35, 'sharpe': 1.67, 'checks': [{'name': 'LOW_SHARPE', 'result': 'PASS', 'limit': 1.25, 'value': 1.67}, {'name': 'LOW_FITNESS', 'result': 'PASS', 'limit': 1.0, 'value': 1.35}, {'name': 'LOW_TURNOVER', 'result': 'PASS', 'limit': 0.01, 'value': 0.0372}, {'name': 'HIGH_TURNOVER', 'result': 'PASS', 'limit': 0.7, 'value': 0.0372}, {'name': 'CONCENTRATED_WEIGHT', 'result': 'PASS'}, {'name': 'LOW_SUB_UNIVERSE_SHARPE', 'result': 'PASS', 'limit': 0.72, 'value': 1.04}, {'name': 'SELF_CORRELATION', 'result': 'PENDING'}, {'name': 'MATCHES_COMPETITION', 'result': 'PASS', 'matched': [{'id': 'challenge', 'name': 'Challenge'}], 'unmatched': []}]}"
regular,"{'code': 'rank(volume/sales_ps)', 'description': None, 'operatorCount': 2}"
id,1mZoKE6
is,"{'pnl': 6130271, 'bookSize': 20000000, 'longCount': 1133, 'shortCount': 1113, 'turnover': 0.0567, 'returns': 0.1256, 'drawdown': 0.0606, 'margin': 0.04432, 'fitness': 1.66, 'sharpe': 1.66, 'checks': [{'name': 'LOW_SHARPE', 'result': 'PASS', 'limit': 1.25, 'value': 1.66}, {'name': 'LOW_FITNESS', 'result': 'PASS', 'limit': 1.0, 'value': 1.66}, {'name': 'LOW_TURNOVER', 'result': 'PASS', 'limit': 0.01, 'value': 0.0567}, {'name': 'HIGH_TURNOVER', 'result': 'PASS', 'limit': 0.7, 'value': 0.0567}, {'name': 'CONCENTRATED_WEIGHT', 'result': 'PASS'}, {'name': 'LOW_SUB_UNIVERSE_SHARPE', 'result': 'PASS', 'limit': 0.72, 'value': 1.1}, {'name': 'SELF_CORRELATION', 'result': 'PENDING'}, {'name': 'MATCHES_COMPETITION', 'result': 'PASS', 'matched': [{'id': 'challenge', 'name': 'Challenge'}], 'unmatched': []}]}"
regular,"{'code': 'rank(volume/assets_curr)', 'description': None, 'operatorCount': 2}"
id,bPONzNp
is,"{'pnl': 4107344, 'bookSize': 20000000, 'longCount': 1464, 'shortCount': 1424, 'turnover': 0.0491, 'returns': 0.0842, 'drawdown': 0.0579, 'margin': 0.03431, 'fitness': 1.21, 'sharpe': 1.47, 'checks': [{'name': 'LOW_SHARPE', 'result': 'PASS', 'limit': 1.25, 'value': 1.47}, {'name': 'LOW_FITNESS', 'result': 'PASS', 'limit': 1.0, 'value': 1.21}, {'name': 'LOW_TURNOVER', 'result': 'PASS', 'limit': 0.01, 'value': 0.0491}, {'name': 'HIGH_TURNOVER', 'result': 'PASS', 'limit': 0.7, 'value': 0.0491}, {'name': 'CONCENTRATED_WEIGHT', 'result': 'PASS'}, {'name': 'LOW_SUB_UNIVERSE_SHARPE', 'result': 'PASS', 'limit': 0.64, 'value': 1.14}, {'name': 'SELF_CORRELATION', 'result': 'PENDING'}, {'name': 'MATCHES_COMPETITION', 'result': 'PASS', 'matched': [{'id': 'challenge', 'name': 'Challenge'}], 'unmatched': []}]}"
regular,"{'code': 'rank(volume/equity)', 'description': None, 'operatorCount': 2}"
id,vz25GNa
is,"{'pnl': 4478916, 'bookSize': 20000000, 'longCount': 1169, 'shortCount': 1144, 'turnover': 0.0568, 'returns': 0.0918, 'drawdown': 0.0501, 'margin': 0.03232, 'fitness': 1.29, 'sharpe': 1.51, 'checks': [{'name': 'LOW_SHARPE', 'result': 'PASS', 'limit': 1.25, 'value': 1.51}, {'name': 'LOW_FITNESS', 'result': 'PASS', 'limit': 1.0, 'value': 1.29}, {'name': 'LOW_TURNOVER', 'result': 'PASS', 'limit': 0.01, 'value': 0.0568}, {'name': 'HIGH_TURNOVER', 'result': 'PASS', 'limit': 0.7, 'value': 0.0568}, {'name': 'CONCENTRATED_WEIGHT', 'result': 'PASS'}, {'name': 'LOW_SUB_UNIVERSE_SHARPE', 'result': 'PASS', 'limit': 0.65, 'value': 1.12}, {'name': 'SELF_CORRELATION', 'result': 'PENDING'}, {'name': 'MATCHES_COMPETITION', 'result': 'PASS', 'matched': [{'id': 'challenge', 'name': 'Challenge'}], 'unmatched': []}]}"
regular,"{'code': 'rank(volume/debt)', 'description': None, 'operatorCount': 2}"
id,mz6q7oK
is,"{'pnl': 4103189, 'bookSize': 20000000, 'longCount': 1297, 'shortCount': 1256, 'turnover': 0.0488, 'returns': 0.0841, 'drawdown': 0.042, 'margin': 0.03443, 'fitness': 1.29, 'sharpe': 1.57, 'checks': [{'name': 'LOW_SHARPE', 'result': 'PASS', 'limit': 1.25, 'value': 1.57}, {'name': 'LOW_FITNESS', 'result': 'PASS', 'limit': 1.0, 'value': 1.29}, {'name': 'LOW_TURNOVER', 'result': 'PASS', 'limit': 0.01, 'value': 0.0488}, {'name': 'HIGH_TURNOVER', 'result': 'PASS', 'limit': 0.7, 'value': 0.0488}, {'name': 'CONCENTRATED_WEIGHT', 'result': 'PASS'}, {'name': 'LOW_SUB_UNIVERSE_SHARPE', 'result': 'PASS', 'limit': 0.68, 'value': 1.22}, {'name': 'SELF_CORRELATION', 'result': 'PENDING'}, {'name': 'MATCHES_COMPETITION', 'result': 'PASS', 'matched': [{'id': 'challenge', 'name': 'Challenge'}], 'unmatched': []}]}"
regular,"{'code': 'rank(volume/debt_lt)', 'description': None, 'operatorCount': 2}"
id,Om8nzgR
is,"{'pnl': 4346298, 'bookSize': 20000000, 'longCount': 998, 'shortCount': 1028, 'turnover': 0.047, 'returns': 0.0891, 'drawdown': 0.0485, 'margin': 0.03793, 'fitness': 1.31, 'sharpe': 1.55, 'checks': [{'name': 'LOW_SHARPE', 'result': 'PASS', 'limit': 1.25, 'value': 1.55}, {'name': 'LOW_FITNESS', 'result': 'PASS', 'limit': 1.0, 'value': 1.31}, {'name': 'LOW_TURNOVER', 'result': 'PASS', 'limit': 0.01, 'value': 0.047}, {'name': 'HIGH_TURNOVER', 'result': 'PASS', 'limit': 0.7, 'value': 0.047}, {'name': 'CONCENTRATED_WEIGHT', 'result': 'PASS'}, {'name': 'LOW_SUB_UNIVERSE_SHARPE', 'result': 'PASS', 'limit': 0.67, 'value': 1.17}, {'name': 'SELF_CORRELATION', 'result': 'PENDING'}, {'name': 'MATCHES_COMPETITION', 'result': 'PASS', 'matched': [{'id': 'challenge', 'name': 'Challenge'}], 'unmatched': []}]}"
regular,"{'code': 'rank(volume/debt_st)', 'description': None, 'operatorCount': 2}"
id,M83bZP9
is,"{'pnl': 5625136, 'bookSize': 20000000, 'longCount': 1460, 'shortCount': 1437, 'turnover': 0.0506, 'returns': 0.1153, 'drawdown': 0.0548, 'margin': 0.0456, 'fitness': 1.61, 'sharpe': 1.68, 'checks': [{'name': 'LOW_SHARPE', 'result': 'PASS', 'limit': 1.25, 'value': 1.68}, {'name': 'LOW_FITNESS', 'result': 'PASS', 'limit': 1.0, 'value': 1.61}, {'name': 'LOW_TURNOVER', 'result': 'PASS', 'limit': 0.01, 'value': 0.0506}, {'name': 'HIGH_TURNOVER', 'result': 'PASS', 'limit': 0.7, 'value': 0.0506}, {'name': 'CONCENTRATED_WEIGHT', 'result': 'PASS'}, {'name': 'LOW_SUB_UNIVERSE_SHARPE', 'result': 'PASS', 'limit': 0.73, 'value': 1.17}, {'name': 'SELF_CORRELATION', 'result': 'PENDING'}, {'name': 'MATCHES_COMPETITION', 'result': 'PASS', 'matched': [{'id': 'challenge', 'name': 'Challenge'}], 'unmatched': []}]}"
regular,"{'code': 'rank(volume/liabilities)', 'description': None, 'operatorCount': 2}"
id,2ZmvWj6
is,"{'pnl': 4693107, 'bookSize': 20000000, 'longCount': 1285, 'shortCount': 1262, 'turnover': 0.0448, 'returns': 0.0962, 'drawdown': 0.0507, 'margin': 0.04296, 'fitness': 1.32, 'sharpe': 1.5, 'checks': [{'name': 'LOW_SHARPE', 'result': 'PASS', 'limit': 1.25, 'value': 1.5}, {'name': 'LOW_FITNESS', 'result': 'PASS', 'limit': 1.0, 'value': 1.32}, {'name': 'LOW_TURNOVER', 'result': 'PASS', 'limit': 0.01, 'value': 0.0448}, {'name': 'HIGH_TURNOVER', 'result': 'PASS', 'limit': 0.7, 'value': 0.0448}, {'name': 'CONCENTRATED_WEIGHT', 'result': 'PASS'}, {'name': 'LOW_SUB_UNIVERSE_SHARPE', 'result': 'PASS', 'limit': 0.65, 'value': 1.08}, {'name': 'SELF_CORRELATION', 'result': 'PENDING'}, {'name': 'MATCHES_COMPETITION', 'result': 'PASS', 'matched': [{'id': 'challenge', 'name': 'Challenge'}], 'unmatched': []}]}"
regular,"{'code': 'rank(volume/capex)', 'description': None, 'operatorCount': 2}"
id,gPZmLYv
is,"{'pnl': 5574023, 'bookSize': 20000000, 'longCount': 1454, 'shortCount': 1443, 'turnover': 0.0539, 'returns': 0.1142, 'drawdown': 0.044, 'margin': 0.04241, 'fitness': 1.66, 'sharpe': 1.74, 'checks': [{'name': 'LOW_SHARPE', 'result': 'PASS', 'limit': 1.25, 'value': 1.74}, {'name': 'LOW_FITNESS', 'result': 'PASS', 'limit': 1.0, 'value': 1.66}, {'name': 'LOW_TURNOVER', 'result': 'PASS', 'limit': 0.01, 'value': 0.0539}, {'name': 'HIGH_TURNOVER', 'result': 'PASS', 'limit': 0.7, 'value': 0.0539}, {'name': 'CONCENTRATED_WEIGHT', 'result': 'PASS'}, {'name': 'LOW_SUB_UNIVERSE_SHARPE', 'result': 'PASS', 'limit': 0.75, 'value': 1.3}, {'name': 'SELF_CORRELATION', 'result': 'PENDING'}, {'name': 'MATCHES_COMPETITION', 'result': 'PASS', 'matched': [{'id': 'challenge', 'name': 'Challenge'}], 'unmatched': []}]}"
regular,"{'code': 'rank(volume/operating_expense)', 'description': None, 'operatorCount': 2}"
id,pz5n3AV
is,"{'pnl': 5872890, 'bookSize': 20000000, 'longCount': 1403, 'shortCount': 1427, 'turnover': 0.0485, 'returns': 0.1203, 'drawdown': 0.0314, 'margin': 0.04958, 'fitness': 1.95, 'sharpe': 1.99, 'checks': [{'name': 'LOW_SHARPE', 'result': 'PASS', 'limit': 1.25, 'value': 1.99}, {'name': 'LOW_FITNESS', 'result': 'PASS', 'limit': 1.0, 'value': 1.95}, {'name': 'LOW_TURNOVER', 'result': 'PASS', 'limit': 0.01, 'value': 0.0485}, {'name': 'HIGH_TURNOVER', 'result': 'PASS', 'limit': 0.7, 'value': 0.0485}, {'name': 'CONCENTRATED_WEIGHT', 'result': 'PASS'}, {'name': 'LOW_SUB_UNIVERSE_SHARPE', 'result': 'PASS', 'limit': 0.86, 'value': 1.45}, {'name': 'SELF_CORRELATION', 'result': 'PENDING'}, {'name': 'MATCHES_COMPETITION', 'result': 'PASS', 'matched': [{'id': 'challenge', 'name': 'Challenge'}], 'unmatched': []}]}"
regular,"{'code': 'rank(volume/cogs)', 'description': None, 'operatorCount': 2}"
id,ZlAjNNn
is,"{'pnl': 4471082, 'bookSize': 20000000, 'longCount': 927, 'shortCount': 895, 'turnover': 0.0484, 'returns': 0.0916, 'drawdown': 0.0588, 'margin': 0.03787, 'fitness': 1.24, 'sharpe': 1.45, 'checks': [{'name': 'LOW_SHARPE', 'result': 'PASS', 'limit': 1.25, 'value': 1.45}, {'name': 'LOW_FITNESS', 'result': 'PASS', 'limit': 1.0, 'value': 1.24}, {'name': 'LOW_TURNOVER', 'result': 'PASS', 'limit': 0.01, 'value': 0.0484}, {'name': 'HIGH_TURNOVER', 'result': 'PASS', 'limit': 0.7, 'value': 0.0484}, {'name': 'CONCENTRATED_WEIGHT', 'result': 'PASS'}, {'name': 'LOW_SUB_UNIVERSE_SHARPE', 'result': 'PASS', 'limit': 0.63, 'value': 1.14}, {'name': 'SELF_CORRELATION', 'result': 'PENDING'}, {'name': 'MATCHES_COMPETITION', 'result': 'PASS', 'matched': [{'id': 'challenge', 'name': 'Challenge'}], 'unmatched': []}]}"
regular,"{'code': 'rank(volume/inventory)', 'description': None, 'operatorCount': 2}"
id,WXeNxMj
is,"{'pnl': 5302417, 'bookSize': 20000000, 'longCount': 1252, 'shortCount': 1176, 'turnover': 0.0584, 'returns': 0.1087, 'drawdown': 0.0478, 'margin': 0.0372, 'fitness': 1.5, 'sharpe': 1.61, 'checks': [{'name': 'LOW_SHARPE', 'result': 'PASS', 'limit': 1.25, 'value': 1.61}, {'name': 'LOW_FITNESS', 'result': 'PASS', 'limit': 1.0, 'value': 1.5}, {'name': 'LOW_TURNOVER', 'result': 'PASS', 'limit': 0.01, 'value': 0.0584}, {'name': 'HIGH_TURNOVER', 'result': 'PASS', 'limit': 0.7, 'value': 0.0584}, {'name': 'CONCENTRATED_WEIGHT', 'result': 'PASS'}, {'name': 'LOW_SUB_UNIVERSE_SHARPE', 'result': 'PASS', 'limit': 0.7, 'value': 1.19}, {'name': 'SELF_CORRELATION', 'result': 'PENDING'}, {'name': 'MATCHES_COMPETITION', 'result': 'PASS', 'matched': [{'id': 'challenge', 'name': 'Challenge'}], 'unmatched': []}]}"
regular,"{'code': 'rank(volume/depre_amort)', 'description': None, 'operatorCount': 2}"
id,K8rn2ez
is,"{'pnl': 5571592, 'bookSize': 20000000, 'longCount': 1353, 'shortCount': 1348, 'turnover': 0.0509, 'returns': 0.1142, 'drawdown': 0.0614, 'margin': 0.04485, 'fitness': 1.62, 'sharpe': 1.7, 'checks': [{'name': 'LOW_SHARPE', 'result': 'PASS', 'limit': 1.25, 'value': 1.7}, {'name': 'LOW_FITNESS', 'result': 'PASS', 'limit': 1.0, 'value': 1.62}, {'name': 'LOW_TURNOVER', 'result': 'PASS', 'limit': 0.01, 'value': 0.0509}, {'name': 'HIGH_TURNOVER', 'result': 'PASS', 'limit': 0.7, 'value': 0.0509}, {'name': 'CONCENTRATED_WEIGHT', 'result': 'PASS'}, {'name': 'LOW_SUB_UNIVERSE_SHARPE', 'result': 'PASS', 'limit': 0.74, 'value': 1.19}, {'name': 'SELF_CORRELATION', 'result': 'PENDING'}, {'name': 'MATCHES_COMPETITION', 'result': 'PASS', 'matched': [{'id': 'challenge', 'name': 'Challenge'}], 'unmatched': []}]}"
regular,"{'code': 'rank(volume/receivable)', 'description': None, 'operatorCount': 2}"
id,LXZn2oL
is,"{'pnl': 4306658, 'bookSize': 20000000, 'longCount': 1091, 'shortCount': 1150, 'turnover': 0.0457, 'returns': 0.0883, 'drawdown': 0.0248, 'margin': 0.03862, 'fitness': 1.53, 'sharpe': 1.82, 'checks': [{'name': 'LOW_SHARPE', 'result': 'PASS', 'limit': 1.25, 'value': 1.82}, {'name': 'LOW_FITNESS', 'result': 'PASS', 'limit': 1.0, 'value': 1.53}, {'name': 'LOW_TURNOVER', 'result': 'PASS', 'limit': 0.01, 'value': 0.0457}, {'name': 'HIGH_TURNOVER', 'result': 'PASS', 'limit': 0.7, 'value': 0.0457}, {'name': 'CONCENTRATED_WEIGHT', 'result': 'PASS'}, {'name': 'LOW_SUB_UNIVERSE_SHARPE', 'result': 'PASS', 'limit': 0.79, 'value': 1.33}, {'name': 'SELF_CORRELATION', 'result': 'PENDING'}, {'name': 'MATCHES_COMPETITION', 'result': 'PASS', 'matched': [{'id': 'challenge', 'name': 'Challenge'}], 'unmatched': []}]}"
regular,"{'code': 'rank(volume/working_capital)', 'description': None, 'operatorCount': 2}"
id,xzbeo0n
is,"{'pnl': 4999287, 'bookSize': 20000000, 'longCount': 1310, 'shortCount': 1294, 'turnover': 0.0501, 'returns': 0.1024, 'drawdown': 0.0496, 'margin': 0.04093, 'fitness': 1.36, 'sharpe': 1.5, 'checks': [{'name': 'LOW_SHARPE', 'result': 'PASS', 'limit': 1.25, 'value': 1.5}, {'name': 'LOW_FITNESS', 'result': 'PASS', 'limit': 1.0, 'value': 1.36}, {'name': 'LOW_TURNOVER', 'result': 'PASS', 'limit': 0.01, 'value': 0.0501}, {'name': 'HIGH_TURNOVER', 'result': 'PASS', 'limit': 0.7, 'value': 0.0501}, {'name': 'CONCENTRATED_WEIGHT', 'result': 'PASS'}, {'name': 'LOW_SUB_UNIVERSE_SHARPE', 'result': 'PASS', 'limit': 0.65, 'value': 1.08}, {'name': 'SELF_CORRELATION', 'result': 'PENDING'}, {'name': 'MATCHES_COMPETITION', 'result': 'PASS', 'matched': [{'id': 'challenge', 'name': 'Challenge'}], 'unmatched': []}]}"
regular,"{'code': 'rank(volume/ppent)', 'description': None, 'operatorCount': 2}"
id,1mZoRLm
is,"{'pnl': 5769019, 'bookSize': 20000000, 'longCount': 1457, 'shortCount': 1416, 'turnover': 0.0557, 'returns': 0.1182, 'drawdown': 0.0484, 'margin': 0.04242, 'fitness': 1.7, 'sharpe': 1.75, 'checks': [{'name': 'LOW_SHARPE', 'result': 'PASS', 'limit': 1.25, 'value': 1.75}, {'name': 'LOW_FITNESS', 'result': 'PASS', 'limit': 1.0, 'value': 1.7}, {'name': 'LOW_TURNOVER', 'result': 'PASS', 'limit': 0.01, 'value': 0.0557}, {'name': 'HIGH_TURNOVER', 'result': 'PASS', 'limit': 0.7, 'value': 0.0557}, {'name': 'CONCENTRATED_WEIGHT', 'result': 'PASS'}, {'name': 'LOW_SUB_UNIVERSE_SHARPE', 'result': 'PASS', 'limit': 0.76, 'value': 1.29}, {'name': 'SELF_CORRELATION', 'result': 'PENDING'}, {'name': 'MATCHES_COMPETITION', 'result': 'PASS', 'matched': [{'id': 'challenge', 'name': 'Challenge'}], 'unmatched': []}]}"
regular,"{'code': 'rank(volume/invested_capital)', 'description': None, 'operatorCount': 2}"
id,nzPnldw
is,"{'pnl': 4132726, 'bookSize': 20000000, 'longCount': 960, 'shortCount': 964, 'turnover': 0.0496, 'returns': 0.0847, 'drawdown': 0.0487, 'margin': 0.03413, 'fitness': 1.3, 'sharpe': 1.58, 'checks': [{'name': 'LOW_SHARPE', 'result': 'PASS', 'limit': 1.25, 'value': 1.58}, {'name': 'LOW_FITNESS', 'result': 'PASS', 'limit': 1.0, 'value': 1.3}, {'name': 'LOW_TURNOVER', 'result': 'PASS', 'limit': 0.01, 'value': 0.0496}, {'name': 'HIGH_TURNOVER', 'result': 'PASS', 'limit': 0.7, 'value': 0.0496}, {'name': 'CONCENTRATED_WEIGHT', 'result': 'PASS'}, {'name': 'LOW_SUB_UNIVERSE_SHARPE', 'result': 'PASS', 'limit': 0.68, 'value': 1.48}, {'name': 'SELF_CORRELATION', 'result': 'PENDING'}, {'name': 'MATCHES_COMPETITION', 'result': 'PASS', 'matched': [{'id': 'challenge', 'name': 'Challenge'}], 'unmatched': []}]}"
regular,"{'code': 'rank(volume/goodwill)', 'description': None, 'operatorCount': 2}"
id,EaRqMNr
is,"{'pnl': 5854028, 'bookSize': 20000000, 'longCount': 1370, 'shortCount': 1271, 'turnover': 0.0516, 'returns': 0.12, 'drawdown': 0.045, 'margin': 0.04652, 'fitness': 1.83, 'sharpe': 1.87, 'checks': [{'name': 'LOW_SHARPE', 'result': 'PASS', 'limit': 1.25, 'value': 1.87}, {'name': 'LOW_FITNESS', 'result': 'PASS', 'limit': 1.0, 'value': 1.83}, {'name': 'LOW_TURNOVER', 'result': 'PASS', 'limit': 0.01, 'value': 0.0516}, {'name': 'HIGH_TURNOVER', 'result': 'PASS', 'limit': 0.7, 'value': 0.0516}, {'name': 'CONCENTRATED_WEIGHT', 'result': 'PASS'}, {'name': 'LOW_SUB_UNIVERSE_SHARPE', 'result': 'PASS', 'limit': 0.81, 'value': 1.46}, {'name': 'SELF_CORRELATION', 'result': 'PENDING'}, {'name': 'MATCHES_COMPETITION', 'result': 'PASS', 'matched': [{'id': 'challenge', 'name': 'Challenge'}], 'unmatched': []}]}"
regular,"{'code': 'rank(volume/employee)', 'description': None, 'operatorCount': 2}"
id,NjVnlpL
is,"{'pnl': 4134298, 'bookSize': 20000000, 'longCount': 1110, 'shortCount': 1088, 'turnover': 0.0539, 'returns': 0.0847, 'drawdown': 0.0313, 'margin': 0.03142, 'fitness': 1.45, 'sharpe': 1.76, 'checks': [{'name': 'LOW_SHARPE', 'result': 'PASS', 'limit': 1.25, 'value': 1.76}, {'name': 'LOW_FITNESS', 'result': 'PASS', 'limit': 1.0, 'value': 1.45}, {'name': 'LOW_TURNOVER', 'result': 'PASS', 'limit': 0.01, 'value': 0.0539}, {'name': 'HIGH_TURNOVER', 'result': 'PASS', 'limit': 0.7, 'value': 0.0539}, {'name': 'CONCENTRATED_WEIGHT', 'result': 'PASS'}, {'name': 'LOW_SUB_UNIVERSE_SHARPE', 'result': 'PASS', 'limit': 0.76, 'value': 0.95}, {'name': 'SELF_CORRELATION', 'result': 'PENDING'}, {'name': 'MATCHES_COMPETITION', 'result': 'PASS', 'matched': [{'id': 'challenge', 'name': 'Challenge'}], 'unmatched': []}]}"
regular,"{'code': 'rank(volume/interest_expense)', 'description': None, 'operatorCount': 2}"
id,e2QnZ6N
is,"{'pnl': 4790860, 'bookSize': 20000000, 'longCount': 1221, 'shortCount': 1171, 'turnover': 0.0567, 'returns': 0.0982, 'drawdown': 0.0575, 'margin': 0.03465, 'fitness': 1.34, 'sharpe': 1.51, 'checks': [{'name': 'LOW_SHARPE', 'result': 'PASS', 'limit': 1.25, 'value': 1.51}, {'name': 'LOW_FITNESS', 'result': 'PASS', 'limit': 1.0, 'value': 1.34}, {'name': 'LOW_TURNOVER', 'result': 'PASS', 'limit': 0.01, 'value': 0.0567}, {'name': 'HIGH_TURNOVER', 'result': 'PASS', 'limit': 0.7, 'value': 0.0567}, {'name': 'CONCENTRATED_WEIGHT', 'result': 'PASS'}, {'name': 'LOW_SUB_UNIVERSE_SHARPE', 'result': 'PASS', 'limit': 0.65, 'value': 1.04}, {'name': 'SELF_CORRELATION', 'result': 'PENDING'}, {'name': 'MATCHES_COMPETITION', 'result': 'PASS', 'matched': [{'id': 'challenge', 'name': 'Challenge'}], 'unmatched': []}]}"
regular,"{'code': 'rank(volume/sga_expense)', 'description': None, 'operatorCount': 2}"
id,e2QnM2g
is,"{'pnl': 4984851, 'bookSize': 20000000, 'longCount': 1063, 'shortCount': 1054, 'turnover': 0.0574, 'returns': 0.1021, 'drawdown': 0.0599, 'margin': 0.03557, 'fitness': 1.32, 'sharpe': 1.46, 'checks': [{'name': 'LOW_SHARPE', 'result': 'PASS', 'limit': 1.25, 'value': 1.46}, {'name': 'LOW_FITNESS', 'result': 'PASS', 'limit': 1.0, 'value': 1.32}, {'name': 'LOW_TURNOVER', 'result': 'PASS', 'limit': 0.01, 'value': 0.0574}, {'name': 'HIGH_TURNOVER', 'result': 'PASS', 'limit': 0.7, 'value': 0.0574}, {'name': 'CONCENTRATED_WEIGHT', 'result': 'PASS'}, {'name': 'LOW_SUB_UNIVERSE_SHARPE', 'result': 'PASS', 'limit': 0.63, 'value': 0.94}, {'name': 'SELF_CORRELATION', 'result': 'PENDING'}, {'name': 'MATCHES_COMPETITION', 'result': 'PASS', 'matched': [{'id': 'challenge', 'name': 'Challenge'}], 'unmatched': []}]}"
regular,"{'code': 'rank(volume/cash)', 'description': None, 'operatorCount': 2}"
id,rzebadd
is,"{'pnl': 6020242, 'bookSize': 20000000, 'longCount': 1042, 'shortCount': 993, 'turnover': 0.0612, 'returns': 0.1234, 'drawdown': 0.0893, 'margin': 0.04035, 'fitness': 1.29, 'sharpe': 1.3, 'checks': [{'name': 'LOW_SHARPE', 'result': 'PASS', 'limit': 1.25, 'value': 1.3}, {'name': 'LOW_FITNESS', 'result': 'PASS', 'limit': 1.0, 'value': 1.29}, {'name': 'LOW_TURNOVER', 'result': 'PASS', 'limit': 0.01, 'value': 0.0612}, {'name': 'HIGH_TURNOVER', 'result': 'PASS', 'limit': 0.7, 'value': 0.0612}, {'name': 'CONCENTRATED_WEIGHT', 'result': 'PASS'}, {'name': 'LOW_SUB_UNIVERSE_SHARPE', 'result': 'PASS', 'limit': 0.56, 'value': 0.76}, {'name': 'SELF_CORRELATION', 'result': 'PENDING'}, {'name': 'MATCHES_COMPETITION', 'result': 'PASS', 'matched': [{'id': 'challenge', 'name': 'Challenge'}], 'unmatched': []}]}"
regular,"{'code': 'rank(volume/enterprise_value)', 'description': None, 'operatorCount': 2}"
id,EaRqjkG
is,"{'pnl': 3748534, 'bookSize': 20000000, 'longCount': 1442, 'shortCount': 1395, 'turnover': 0.0116, 'returns': 0.0768, 'drawdown': 0.0382, 'margin': 0.13247, 'fitness': 1.18, 'sharpe': 1.5, 'checks': [{'name': 'LOW_SHARPE', 'result': 'PASS', 'limit': 1.25, 'value': 1.5}, {'name': 'LOW_FITNESS', 'result': 'PASS', 'limit': 1.0, 'value': 1.18}, {'name': 'LOW_TURNOVER', 'result': 'PASS', 'limit': 0.01, 'value': 0.0116}, {'name': 'HIGH_TURNOVER', 'result': 'PASS', 'limit': 0.7, 'value': 0.0116}, {'name': 'CONCENTRATED_WEIGHT', 'result': 'PASS'}, {'name': 'LOW_SUB_UNIVERSE_SHARPE', 'result': 'PASS', 'limit': 0.65, 'value': 1.35}, {'name': 'SELF_CORRELATION', 'result': 'PENDING'}, {'name': 'MATCHES_COMPETITION', 'result': 'PASS', 'matched': [{'id': 'challenge', 'name': 'Challenge'}], 'unmatched': []}]}"
regular,"{'code': 'rank(sharesout/sales)', 'description': None, 'operatorCount': 2}"
id,96W9N6d
is,"{'pnl': 3615376, 'bookSize': 20000000, 'longCount': 1462, 'shortCount': 1441, 'turnover': 0.0133, 'returns': 0.0741, 'drawdown': 0.0395, 'margin': 0.11115, 'fitness': 1.03, 'sharpe': 1.34, 'checks': [{'name': 'LOW_SHARPE', 'result': 'PASS', 'limit': 1.25, 'value': 1.34}, {'name': 'LOW_FITNESS', 'result': 'PASS', 'limit': 1.0, 'value': 1.03}, {'name': 'LOW_TURNOVER', 'result': 'PASS', 'limit': 0.01, 'value': 0.0133}, {'name': 'HIGH_TURNOVER', 'result': 'PASS', 'limit': 0.7, 'value': 0.0133}, {'name': 'CONCENTRATED_WEIGHT', 'result': 'PASS'}, {'name': 'LOW_SUB_UNIVERSE_SHARPE', 'result': 'PASS', 'limit': 0.58, 'value': 1.34}, {'name': 'SELF_CORRELATION', 'result': 'PENDING'}, {'name': 'MATCHES_COMPETITION', 'result': 'PASS', 'matched': [{'id': 'challenge', 'name': 'Challenge'}], 'unmatched': []}]}"
regular,"{'code': 'rank(sharesout/assets)', 'description': None, 'operatorCount': 2}"
id,d71nNZY
is,"{'pnl': 3606645, 'bookSize': 20000000, 'longCount': 1134, 'shortCount': 1112, 'turnover': 0.0169, 'returns': 0.0739, 'drawdown': 0.0449, 'margin': 0.08737, 'fitness': 1.08, 'sharpe': 1.4, 'checks': [{'name': 'LOW_SHARPE', 'result': 'PASS', 'limit': 1.25, 'value': 1.4}, {'name': 'LOW_FITNESS', 'result': 'PASS', 'limit': 1.0, 'value': 1.08}, {'name': 'LOW_TURNOVER', 'result': 'PASS', 'limit': 0.01, 'value': 0.0169}, {'name': 'HIGH_TURNOVER', 'result': 'PASS', 'limit': 0.7, 'value': 0.0169}, {'name': 'CONCENTRATED_WEIGHT', 'result': 'PASS'}, {'name': 'LOW_SUB_UNIVERSE_SHARPE', 'result': 'PASS', 'limit': 0.61, 'value': 0.73}, {'name': 'SELF_CORRELATION', 'result': 'PENDING'}, {'name': 'MATCHES_COMPETITION', 'result': 'PASS', 'matched': [{'id': 'challenge', 'name': 'Challenge'}], 'unmatched': []}]}"
regular,"{'code': 'rank(sharesout/assets_curr)', 'description': None, 'operatorCount': 2}"
id,Vl0Ov68
is,"{'pnl': 3695282, 'bookSize': 20000000, 'longCount': 1165, 'shortCount': 1078, 'turnover': 0.0166, 'returns': 0.0757, 'drawdown': 0.046, 'margin': 0.09137, 'fitness': 1.04, 'sharpe': 1.33, 'checks': [{'name': 'LOW_SHARPE', 'result': 'PASS', 'limit': 1.25, 'value': 1.33}, {'name': 'LOW_FITNESS', 'result': 'PASS', 'limit': 1.0, 'value': 1.04}, {'name': 'LOW_TURNOVER', 'result': 'PASS', 'limit': 0.01, 'value': 0.0166}, {'name': 'HIGH_TURNOVER', 'result': 'PASS', 'limit': 0.7, 'value': 0.0166}, {'name': 'CONCENTRATED_WEIGHT', 'result': 'PASS'}, {'name': 'LOW_SUB_UNIVERSE_SHARPE', 'result': 'PASS', 'limit': 0.58, 'value': 1.18}, {'name': 'SELF_CORRELATION', 'result': 'PENDING'}, {'name': 'MATCHES_COMPETITION', 'result': 'PASS', 'matched': [{'id': 'challenge', 'name': 'Challenge'}], 'unmatched': []}]}"
regular,"{'code': 'rank(sharesout/liabilities_curr)', 'description': None, 'operatorCount': 2}"
id,mz6ZLNW
is,"{'pnl': 3491582, 'bookSize': 20000000, 'longCount': 1400, 'shortCount': 1430, 'turnover': 0.0137, 'returns': 0.0715, 'drawdown': 0.0254, 'margin': 0.10478, 'fitness': 1.19, 'sharpe': 1.57, 'checks': [{'name': 'LOW_SHARPE', 'result': 'PASS', 'limit': 1.25, 'value': 1.57}, {'name': 'LOW_FITNESS', 'result': 'PASS', 'limit': 1.0, 'value': 1.19}, {'name': 'LOW_TURNOVER', 'result': 'PASS', 'limit': 0.01, 'value': 0.0137}, {'name': 'HIGH_TURNOVER', 'result': 'PASS', 'limit': 0.7, 'value': 0.0137}, {'name': 'CONCENTRATED_WEIGHT', 'result': 'PASS'}, {'name': 'LOW_SUB_UNIVERSE_SHARPE', 'result': 'PASS', 'limit': 0.68, 'value': 1.26}, {'name': 'SELF_CORRELATION', 'result': 'PENDING'}, {'name': 'MATCHES_COMPETITION', 'result': 'PASS', 'matched': [{'id': 'challenge', 'name': 'Challenge'}], 'unmatched': []}]}"
regular,"{'code': 'rank(sharesout/cogs)', 'description': None, 'operatorCount': 2}"
id,86Pnb5l
is,"{'pnl': 3434491, 'bookSize': 20000000, 'longCount': 1361, 'shortCount': 1340, 'turnover': 0.0203, 'returns': 0.0704, 'drawdown': 0.0477, 'margin': 0.06938, 'fitness': 1.02, 'sharpe': 1.36, 'checks': [{'name': 'LOW_SHARPE', 'result': 'PASS', 'limit': 1.25, 'value': 1.36}, {'name': 'LOW_FITNESS', 'result': 'PASS', 'limit': 1.0, 'value': 1.02}, {'name': 'LOW_TURNOVER', 'result': 'PASS', 'limit': 0.01, 'value': 0.0203}, {'name': 'HIGH_TURNOVER', 'result': 'PASS', 'limit': 0.7, 'value': 0.0203}, {'name': 'CONCENTRATED_WEIGHT', 'result': 'PASS'}, {'name': 'LOW_SUB_UNIVERSE_SHARPE', 'result': 'PASS', 'limit': 0.59, 'value': 1.16}, {'name': 'SELF_CORRELATION', 'result': 'PENDING'}, {'name': 'MATCHES_COMPETITION', 'result': 'PASS', 'matched': [{'id': 'challenge', 'name': 'Challenge'}], 'unmatched': []}]}"
regular,"{'code': 'rank(sharesout/receivable)', 'description': None, 'operatorCount': 2}"
id,QlKEM2M
is,"{'pnl': 3993665, 'bookSize': 20000000, 'longCount': 1339, 'shortCount': 1287, 'turnover': 0.0113, 'returns': 0.0818, 'drawdown': 0.0402, 'margin': 0.14548, 'fitness': 1.24, 'sharpe': 1.53, 'checks': [{'name': 'LOW_SHARPE', 'result': 'PASS', 'limit': 1.25, 'value': 1.53}, {'name': 'LOW_FITNESS', 'result': 'PASS', 'limit': 1.0, 'value': 1.24}, {'name': 'LOW_TURNOVER', 'result': 'PASS', 'limit': 0.01, 'value': 0.0113}, {'name': 'HIGH_TURNOVER', 'result': 'PASS', 'limit': 0.7, 'value': 0.0113}, {'name': 'CONCENTRATED_WEIGHT', 'result': 'PASS'}, {'name': 'LOW_SUB_UNIVERSE_SHARPE', 'result': 'PASS', 'limit': 0.66, 'value': 1.35}, {'name': 'SELF_CORRELATION', 'result': 'PENDING'}, {'name': 'MATCHES_COMPETITION', 'result': 'PASS', 'matched': [{'id': 'challenge', 'name': 'Challenge'}], 'unmatched': []}]}"
regular,"{'code': 'rank(sharesout/revenue)', 'description': None, 'operatorCount': 2}"
id,Ra6dM1z
is,"{'pnl': 2807557, 'bookSize': 20000000, 'longCount': 1093, 'shortCount': 1148, 'turnover': 0.0221, 'returns': 0.0575, 'drawdown': 0.0222, 'margin': 0.05213, 'fitness': 1.11, 'sharpe': 1.64, 'checks': [{'name': 'LOW_SHARPE', 'result': 'PASS', 'limit': 1.25, 'value': 1.64}, {'name': 'LOW_FITNESS', 'result': 'PASS', 'limit': 1.0, 'value': 1.11}, {'name': 'LOW_TURNOVER', 'result': 'PASS', 'limit': 0.01, 'value': 0.0221}, {'name': 'HIGH_TURNOVER', 'result': 'PASS', 'limit': 0.7, 'value': 0.0221}, {'name': 'CONCENTRATED_WEIGHT', 'result': 'PASS'}, {'name': 'LOW_SUB_UNIVERSE_SHARPE', 'result': 'PASS', 'limit': 0.71, 'value': 0.96}, {'name': 'SELF_CORRELATION', 'result': 'PENDING'}, {'name': 'MATCHES_COMPETITION', 'result': 'PASS', 'matched': [{'id': 'challenge', 'name': 'Challenge'}], 'unmatched': []}]}"
regular,"{'code': 'rank(sharesout/working_capital)', 'description': None, 'operatorCount': 2}"
id,vz2dqnG
is,"{'pnl': 3751729, 'bookSize': 20000000, 'longCount': 1339, 'shortCount': 1303, 'turnover': 0.0177, 'returns': 0.0769, 'drawdown': 0.026, 'margin': 0.08681, 'fitness': 1.19, 'sharpe': 1.52, 'checks': [{'name': 'LOW_SHARPE', 'result': 'PASS', 'limit': 1.25, 'value': 1.52}, {'name': 'LOW_FITNESS', 'result': 'PASS', 'limit': 1.0, 'value': 1.19}, {'name': 'LOW_TURNOVER', 'result': 'PASS', 'limit': 0.01, 'value': 0.0177}, {'name': 'HIGH_TURNOVER', 'result': 'PASS', 'limit': 0.7, 'value': 0.0177}, {'name': 'CONCENTRATED_WEIGHT', 'result': 'PASS'}, {'name': 'LOW_SUB_UNIVERSE_SHARPE', 'result': 'PASS', 'limit': 0.66, 'value': 1.31}, {'name': 'SELF_CORRELATION', 'result': 'PENDING'}, {'name': 'MATCHES_COMPETITION', 'result': 'PASS', 'matched': [{'id': 'challenge', 'name': 'Challenge'}], 'unmatched': []}]}"
regular,"{'code': 'rank(sharesout/employee)', 'description': None, 'operatorCount': 2}"
id,QlKE5Yw
is,"{'pnl': 5847197, 'bookSize': 20000000, 'longCount': 1532, 'shortCount': 1511, 'turnover': 0.0226, 'returns': 0.1198, 'drawdown': 0.0996, 'margin': 0.10598, 'fitness': 1.24, 'sharpe': 1.27, 'checks': [{'name': 'LOW_SHARPE', 'result': 'PASS', 'limit': 1.25, 'value': 1.27}, {'name': 'LOW_FITNESS', 'result': 'PASS', 'limit': 1.0, 'value': 1.24}, {'name': 'LOW_TURNOVER', 'result': 'PASS', 'limit': 0.01, 'value': 0.0226}, {'name': 'HIGH_TURNOVER', 'result': 'PASS', 'limit': 0.7, 'value': 0.0226}, {'name': 'CONCENTRATED_WEIGHT', 'result': 'PASS'}, {'name': 'LOW_SUB_UNIVERSE_SHARPE', 'result': 'PASS', 'limit': 0.55, 'value': 0.83}, {'name': 'SELF_CORRELATION', 'result': 'PENDING'}, {'name': 'MATCHES_COMPETITION', 'result': 'PASS', 'matched': [{'id': 'challenge', 'name': 'Challenge'}], 'unmatched': []}]}"
regular,"{'code': 'rank(adv20/cap)', 'description': None, 'operatorCount': 2}"
id,Ra6dkx0
is,"{'pnl': 6088979, 'bookSize': 20000000, 'longCount': 1437, 'shortCount': 1400, 'turnover': 0.0237, 'returns': 0.1248, 'drawdown': 0.0562, 'margin': 0.10543, 'fitness': 1.82, 'sharpe': 1.82, 'checks': [{'name': 'LOW_SHARPE', 'result': 'PASS', 'limit': 1.25, 'value': 1.82}, {'name': 'LOW_FITNESS', 'result': 'PASS', 'limit': 1.0, 'value': 1.82}, {'name': 'LOW_TURNOVER', 'result': 'PASS', 'limit': 0.01, 'value': 0.0237}, {'name': 'HIGH_TURNOVER', 'result': 'PASS', 'limit': 0.7, 'value': 0.0237}, {'name': 'CONCENTRATED_WEIGHT', 'result': 'PASS'}, {'name': 'LOW_SUB_UNIVERSE_SHARPE', 'result': 'PASS', 'limit': 0.79, 'value': 1.32}, {'name': 'SELF_CORRELATION', 'result': 'PENDING'}, {'name': 'MATCHES_COMPETITION', 'result': 'PASS', 'matched': [{'id': 'challenge', 'name': 'Challenge'}], 'unmatched': []}]}"
regular,"{'code': 'rank(adv20/sales)', 'description': None, 'operatorCount': 2}"
id,EaRkgb1
is,"{'pnl': 3986077, 'bookSize': 20000000, 'longCount': 1446, 'shortCount': 1391, 'turnover': 0.0189, 'returns': 0.0817, 'drawdown': 0.0278, 'margin': 0.08641, 'fitness': 1.37, 'sharpe': 1.69, 'checks': [{'name': 'LOW_SHARPE', 'result': 'PASS', 'limit': 1.25, 'value': 1.69}, {'name': 'LOW_FITNESS', 'result': 'PASS', 'limit': 1.0, 'value': 1.37}, {'name': 'LOW_TURNOVER', 'result': 'PASS', 'limit': 0.01, 'value': 0.0189}, {'name': 'HIGH_TURNOVER', 'result': 'PASS', 'limit': 0.7, 'value': 0.0189}, {'name': 'CONCENTRATED_WEIGHT', 'result': 'PASS'}, {'name': 'LOW_SUB_UNIVERSE_SHARPE', 'result': 'PASS', 'limit': 0.73, 'value': 1.12}, {'name': 'SELF_CORRELATION', 'result': 'PENDING'}, {'name': 'MATCHES_COMPETITION', 'result': 'PASS', 'matched': [{'id': 'challenge', 'name': 'Challenge'}], 'unmatched': []}]}"
regular,"{'code': 'rank(adv20/sales_ps)', 'description': None, 'operatorCount': 2}"
id,e2QLLmp
is,"{'pnl': 6076515, 'bookSize': 20000000, 'longCount': 1133, 'shortCount': 1113, 'turnover': 0.0293, 'returns': 0.1245, 'drawdown': 0.0619, 'margin': 0.085, 'fitness': 1.65, 'sharpe': 1.65, 'checks': [{'name': 'LOW_SHARPE', 'result': 'PASS', 'limit': 1.25, 'value': 1.65}, {'name': 'LOW_FITNESS', 'result': 'PASS', 'limit': 1.0, 'value': 1.65}, {'name': 'LOW_TURNOVER', 'result': 'PASS', 'limit': 0.01, 'value': 0.0293}, {'name': 'HIGH_TURNOVER', 'result': 'PASS', 'limit': 0.7, 'value': 0.0293}, {'name': 'CONCENTRATED_WEIGHT', 'result': 'PASS'}, {'name': 'LOW_SUB_UNIVERSE_SHARPE', 'result': 'PASS', 'limit': 0.71, 'value': 1.16}, {'name': 'SELF_CORRELATION', 'result': 'PENDING'}, {'name': 'MATCHES_COMPETITION', 'result': 'PASS', 'matched': [{'id': 'challenge', 'name': 'Challenge'}], 'unmatched': []}]}"
regular,"{'code': 'rank(adv20/assets_curr)', 'description': None, 'operatorCount': 2}"
id,LXZkkee
is,"{'pnl': 4025785, 'bookSize': 20000000, 'longCount': 1463, 'shortCount': 1424, 'turnover': 0.026, 'returns': 0.0825, 'drawdown': 0.0595, 'margin': 0.06339, 'fitness': 1.18, 'sharpe': 1.45, 'checks': [{'name': 'LOW_SHARPE', 'result': 'PASS', 'limit': 1.25, 'value': 1.45}, {'name': 'LOW_FITNESS', 'result': 'PASS', 'limit': 1.0, 'value': 1.18}, {'name': 'LOW_TURNOVER', 'result': 'PASS', 'limit': 0.01, 'value': 0.026}, {'name': 'HIGH_TURNOVER', 'result': 'PASS', 'limit': 0.7, 'value': 0.026}, {'name': 'CONCENTRATED_WEIGHT', 'result': 'PASS'}, {'name': 'LOW_SUB_UNIVERSE_SHARPE', 'result': 'PASS', 'limit': 0.63, 'value': 1.2}, {'name': 'SELF_CORRELATION', 'result': 'PENDING'}, {'name': 'MATCHES_COMPETITION', 'result': 'PASS', 'matched': [{'id': 'challenge', 'name': 'Challenge'}], 'unmatched': []}]}"
regular,"{'code': 'rank(adv20/equity)', 'description': None, 'operatorCount': 2}"
id,PlgvvnM
is,"{'pnl': 4462004, 'bookSize': 20000000, 'longCount': 1172, 'shortCount': 1141, 'turnover': 0.0341, 'returns': 0.0914, 'drawdown': 0.0508, 'margin': 0.05363, 'fitness': 1.29, 'sharpe': 1.51, 'checks': [{'name': 'LOW_SHARPE', 'result': 'PASS', 'limit': 1.25, 'value': 1.51}, {'name': 'LOW_FITNESS', 'result': 'PASS', 'limit': 1.0, 'value': 1.29}, {'name': 'LOW_TURNOVER', 'result': 'PASS', 'limit': 0.01, 'value': 0.0341}, {'name': 'HIGH_TURNOVER', 'result': 'PASS', 'limit': 0.7, 'value': 0.0341}, {'name': 'CONCENTRATED_WEIGHT', 'result': 'PASS'}, {'name': 'LOW_SUB_UNIVERSE_SHARPE', 'result': 'PASS', 'limit': 0.65, 'value': 1.19}, {'name': 'SELF_CORRELATION', 'result': 'PENDING'}, {'name': 'MATCHES_COMPETITION', 'result': 'PASS', 'matched': [{'id': 'challenge', 'name': 'Challenge'}], 'unmatched': []}]}"
regular,"{'code': 'rank(adv20/debt)', 'description': None, 'operatorCount': 2}"
id,2ZmJJNw
is,"{'pnl': 4098450, 'bookSize': 20000000, 'longCount': 1302, 'shortCount': 1251, 'turnover': 0.0266, 'returns': 0.084, 'drawdown': 0.0424, 'margin': 0.06313, 'fitness': 1.29, 'sharpe': 1.57, 'checks': [{'name': 'LOW_SHARPE', 'result': 'PASS', 'limit': 1.25, 'value': 1.57}, {'name': 'LOW_FITNESS', 'result': 'PASS', 'limit': 1.0, 'value': 1.29}, {'name': 'LOW_TURNOVER', 'result': 'PASS', 'limit': 0.01, 'value': 0.0266}, {'name': 'HIGH_TURNOVER', 'result': 'PASS', 'limit': 0.7, 'value': 0.0266}, {'name': 'CONCENTRATED_WEIGHT', 'result': 'PASS'}, {'name': 'LOW_SUB_UNIVERSE_SHARPE', 'result': 'PASS', 'limit': 0.68, 'value': 1.29}, {'name': 'SELF_CORRELATION', 'result': 'PENDING'}, {'name': 'MATCHES_COMPETITION', 'result': 'PASS', 'matched': [{'id': 'challenge', 'name': 'Challenge'}], 'unmatched': []}]}"
regular,"{'code': 'rank(adv20/debt_lt)', 'description': None, 'operatorCount': 2}"
id,QlKEEop
is,"{'pnl': 4315747, 'bookSize': 20000000, 'longCount': 997, 'shortCount': 1029, 'turnover': 0.033, 'returns': 0.0884, 'drawdown': 0.0524, 'margin': 0.05352, 'fitness': 1.3, 'sharpe': 1.54, 'checks': [{'name': 'LOW_SHARPE', 'result': 'PASS', 'limit': 1.25, 'value': 1.54}, {'name': 'LOW_FITNESS', 'result': 'PASS', 'limit': 1.0, 'value': 1.3}, {'name': 'LOW_TURNOVER', 'result': 'PASS', 'limit': 0.01, 'value': 0.033}, {'name': 'HIGH_TURNOVER', 'result': 'PASS', 'limit': 0.7, 'value': 0.033}, {'name': 'CONCENTRATED_WEIGHT', 'result': 'PASS'}, {'name': 'LOW_SUB_UNIVERSE_SHARPE', 'result': 'PASS', 'limit': 0.67, 'value': 1.2}, {'name': 'SELF_CORRELATION', 'result': 'PENDING'}, {'name': 'MATCHES_COMPETITION', 'result': 'PASS', 'matched': [{'id': 'challenge', 'name': 'Challenge'}], 'unmatched': []}]}"
regular,"{'code': 'rank(adv20/debt_st)', 'description': None, 'operatorCount': 2}"
id,JXQbdjj
is,"{'pnl': 5535122, 'bookSize': 20000000, 'longCount': 1462, 'shortCount': 1435, 'turnover': 0.0255, 'returns': 0.1134, 'drawdown': 0.0558, 'margin': 0.08895, 'fitness': 1.59, 'sharpe': 1.67, 'checks': [{'name': 'LOW_SHARPE', 'result': 'PASS', 'limit': 1.25, 'value': 1.67}, {'name': 'LOW_FITNESS', 'result': 'PASS', 'limit': 1.0, 'value': 1.59}, {'name': 'LOW_TURNOVER', 'result': 'PASS', 'limit': 0.01, 'value': 0.0255}, {'name': 'HIGH_TURNOVER', 'result': 'PASS', 'limit': 0.7, 'value': 0.0255}, {'name': 'CONCENTRATED_WEIGHT', 'result': 'PASS'}, {'name': 'LOW_SUB_UNIVERSE_SHARPE', 'result': 'PASS', 'limit': 0.72, 'value': 1.22}, {'name': 'SELF_CORRELATION', 'result': 'PENDING'}, {'name': 'MATCHES_COMPETITION', 'result': 'PASS', 'matched': [{'id': 'challenge', 'name': 'Challenge'}], 'unmatched': []}]}"
regular,"{'code': 'rank(adv20/liabilities)', 'description': None, 'operatorCount': 2}"
id,M83kxaM
is,"{'pnl': 4727179, 'bookSize': 20000000, 'longCount': 1287, 'shortCount': 1259, 'turnover': 0.0228, 'returns': 0.0969, 'drawdown': 0.0539, 'margin': 0.08513, 'fitness': 1.33, 'sharpe': 1.51, 'checks': [{'name': 'LOW_SHARPE', 'result': 'PASS', 'limit': 1.25, 'value': 1.51}, {'name': 'LOW_FITNESS', 'result': 'PASS', 'limit': 1.0, 'value': 1.33}, {'name': 'LOW_TURNOVER', 'result': 'PASS', 'limit': 0.01, 'value': 0.0228}, {'name': 'HIGH_TURNOVER', 'result': 'PASS', 'limit': 0.7, 'value': 0.0228}, {'name': 'CONCENTRATED_WEIGHT', 'result': 'PASS'}, {'name': 'LOW_SUB_UNIVERSE_SHARPE', 'result': 'PASS', 'limit': 0.65, 'value': 1.14}, {'name': 'SELF_CORRELATION', 'result': 'PENDING'}, {'name': 'MATCHES_COMPETITION', 'result': 'PASS', 'matched': [{'id': 'challenge', 'name': 'Challenge'}], 'unmatched': []}]}"
regular,"{'code': 'rank(adv20/capex)', 'description': None, 'operatorCount': 2}"
id,1mZJgAm
is,"{'pnl': 5563883, 'bookSize': 20000000, 'longCount': 1454, 'shortCount': 1443, 'turnover': 0.0264, 'returns': 0.114, 'drawdown': 0.0489, 'margin': 0.08654, 'fitness': 1.66, 'sharpe': 1.74, 'checks': [{'name': 'LOW_SHARPE', 'result': 'PASS', 'limit': 1.25, 'value': 1.74}, {'name': 'LOW_FITNESS', 'result': 'PASS', 'limit': 1.0, 'value': 1.66}, {'name': 'LOW_TURNOVER', 'result': 'PASS', 'limit': 0.01, 'value': 0.0264}, {'name': 'HIGH_TURNOVER', 'result': 'PASS', 'limit': 0.7, 'value': 0.0264}, {'name': 'CONCENTRATED_WEIGHT', 'result': 'PASS'}, {'name': 'LOW_SUB_UNIVERSE_SHARPE', 'result': 'PASS', 'limit': 0.75, 'value': 1.37}, {'name': 'SELF_CORRELATION', 'result': 'PENDING'}, {'name': 'MATCHES_COMPETITION', 'result': 'PASS', 'matched': [{'id': 'challenge', 'name': 'Challenge'}], 'unmatched': []}]}"
regular,"{'code': 'rank(adv20/operating_expense)', 'description': None, 'operatorCount': 2}"
id,K8rkbjp
is,"{'pnl': 5896467, 'bookSize': 20000000, 'longCount': 1402, 'shortCount': 1429, 'turnover': 0.0244, 'returns': 0.1208, 'drawdown': 0.0351, 'margin': 0.09907, 'fitness': 1.98, 'sharpe': 2.01, 'checks': [{'name': 'LOW_SHARPE', 'result': 'PASS', 'limit': 1.25, 'value': 2.01}, {'name': 'LOW_FITNESS', 'result': 'PASS', 'limit': 1.0, 'value': 1.98}, {'name': 'LOW_TURNOVER', 'result': 'PASS', 'limit': 0.01, 'value': 0.0244}, {'name': 'HIGH_TURNOVER', 'result': 'PASS', 'limit': 0.7, 'value': 0.0244}, {'name': 'CONCENTRATED_WEIGHT', 'result': 'PASS'}, {'name': 'LOW_SUB_UNIVERSE_SHARPE', 'result': 'PASS', 'limit': 0.87, 'value': 1.52}, {'name': 'SELF_CORRELATION', 'result': 'PENDING'}, {'name': 'MATCHES_COMPETITION', 'result': 'PASS', 'matched': [{'id': 'challenge', 'name': 'Challenge'}], 'unmatched': []}]}"
regular,"{'code': 'rank(adv20/cogs)', 'description': None, 'operatorCount': 2}"
id,EaRkw2r
is,"{'pnl': 4499294, 'bookSize': 20000000, 'longCount': 929, 'shortCount': 893, 'turnover': 0.0281, 'returns': 0.0922, 'drawdown': 0.0607, 'margin': 0.06568, 'fitness': 1.25, 'sharpe': 1.46, 'checks': [{'name': 'LOW_SHARPE', 'result': 'PASS', 'limit': 1.25, 'value': 1.46}, {'name': 'LOW_FITNESS', 'result': 'PASS', 'limit': 1.0, 'value': 1.25}, {'name': 'LOW_TURNOVER', 'result': 'PASS', 'limit': 0.01, 'value': 0.0281}, {'name': 'HIGH_TURNOVER', 'result': 'PASS', 'limit': 0.7, 'value': 0.0281}, {'name': 'CONCENTRATED_WEIGHT', 'result': 'PASS'}, {'name': 'LOW_SUB_UNIVERSE_SHARPE', 'result': 'PASS', 'limit': 0.63, 'value': 1.17}, {'name': 'SELF_CORRELATION', 'result': 'PENDING'}, {'name': 'MATCHES_COMPETITION', 'result': 'PASS', 'matched': [{'id': 'challenge', 'name': 'Challenge'}], 'unmatched': []}]}"
regular,"{'code': 'rank(adv20/inventory)', 'description': None, 'operatorCount': 2}"
id,e2QL0AN
is,"{'pnl': 5352600, 'bookSize': 20000000, 'longCount': 1256, 'shortCount': 1173, 'turnover': 0.0348, 'returns': 0.1097, 'drawdown': 0.0499, 'margin': 0.06303, 'fitness': 1.54, 'sharpe': 1.64, 'checks': [{'name': 'LOW_SHARPE', 'result': 'PASS', 'limit': 1.25, 'value': 1.64}, {'name': 'LOW_FITNESS', 'result': 'PASS', 'limit': 1.0, 'value': 1.54}, {'name': 'LOW_TURNOVER', 'result': 'PASS', 'limit': 0.01, 'value': 0.0348}, {'name': 'HIGH_TURNOVER', 'result': 'PASS', 'limit': 0.7, 'value': 0.0348}, {'name': 'CONCENTRATED_WEIGHT', 'result': 'PASS'}, {'name': 'LOW_SUB_UNIVERSE_SHARPE', 'result': 'PASS', 'limit': 0.71, 'value': 1.27}, {'name': 'SELF_CORRELATION', 'result': 'PENDING'}, {'name': 'MATCHES_COMPETITION', 'result': 'PASS', 'matched': [{'id': 'challenge', 'name': 'Challenge'}], 'unmatched': []}]}"
regular,"{'code': 'rank(adv20/depre_amort)', 'description': None, 'operatorCount': 2}"
id,xzbRkPg
is,"{'pnl': 5586267, 'bookSize': 20000000, 'longCount': 1356, 'shortCount': 1345, 'turnover': 0.0293, 'returns': 0.1145, 'drawdown': 0.0624, 'margin': 0.07805, 'fitness': 1.64, 'sharpe': 1.71, 'checks': [{'name': 'LOW_SHARPE', 'result': 'PASS', 'limit': 1.25, 'value': 1.71}, {'name': 'LOW_FITNESS', 'result': 'PASS', 'limit': 1.0, 'value': 1.64}, {'name': 'LOW_TURNOVER', 'result': 'PASS', 'limit': 0.01, 'value': 0.0293}, {'name': 'HIGH_TURNOVER', 'result': 'PASS', 'limit': 0.7, 'value': 0.0293}, {'name': 'CONCENTRATED_WEIGHT', 'result': 'PASS'}, {'name': 'LOW_SUB_UNIVERSE_SHARPE', 'result': 'PASS', 'limit': 0.74, 'value': 1.25}, {'name': 'SELF_CORRELATION', 'result': 'PENDING'}, {'name': 'MATCHES_COMPETITION', 'result': 'PASS', 'matched': [{'id': 'challenge', 'name': 'Challenge'}], 'unmatched': []}]}"
regular,"{'code': 'rank(adv20/receivable)', 'description': None, 'operatorCount': 2}"
id,1mZJdKQ
is,"{'pnl': 4239303, 'bookSize': 20000000, 'longCount': 1087, 'shortCount': 1154, 'turnover': 0.029, 'returns': 0.0869, 'drawdown': 0.0234, 'margin': 0.05984, 'fitness': 1.49, 'sharpe': 1.79, 'checks': [{'name': 'LOW_SHARPE', 'result': 'PASS', 'limit': 1.25, 'value': 1.79}, {'name': 'LOW_FITNESS', 'result': 'PASS', 'limit': 1.0, 'value': 1.49}, {'name': 'LOW_TURNOVER', 'result': 'PASS', 'limit': 0.01, 'value': 0.029}, {'name': 'HIGH_TURNOVER', 'result': 'PASS', 'limit': 0.7, 'value': 0.029}, {'name': 'CONCENTRATED_WEIGHT', 'result': 'PASS'}, {'name': 'LOW_SUB_UNIVERSE_SHARPE', 'result': 'PASS', 'limit': 0.78, 'value': 1.36}, {'name': 'SELF_CORRELATION', 'result': 'PENDING'}, {'name': 'MATCHES_COMPETITION', 'result': 'PASS', 'matched': [{'id': 'challenge', 'name': 'Challenge'}], 'unmatched': []}]}"
regular,"{'code': 'rank(adv20/working_capital)', 'description': None, 'operatorCount': 2}"
id,G8OkLRx
is,"{'pnl': 5001134, 'bookSize': 20000000, 'longCount': 1310, 'shortCount': 1294, 'turnover': 0.028, 'returns': 0.1025, 'drawdown': 0.0547, 'margin': 0.07327, 'fitness': 1.37, 'sharpe': 1.51, 'checks': [{'name': 'LOW_SHARPE', 'result': 'PASS', 'limit': 1.25, 'value': 1.51}, {'name': 'LOW_FITNESS', 'result': 'PASS', 'limit': 1.0, 'value': 1.37}, {'name': 'LOW_TURNOVER', 'result': 'PASS', 'limit': 0.01, 'value': 0.028}, {'name': 'HIGH_TURNOVER', 'result': 'PASS', 'limit': 0.7, 'value': 0.028}, {'name': 'CONCENTRATED_WEIGHT', 'result': 'PASS'}, {'name': 'LOW_SUB_UNIVERSE_SHARPE', 'result': 'PASS', 'limit': 0.65, 'value': 1.13}, {'name': 'SELF_CORRELATION', 'result': 'PENDING'}, {'name': 'MATCHES_COMPETITION', 'result': 'PASS', 'matched': [{'id': 'challenge', 'name': 'Challenge'}], 'unmatched': []}]}"
regular,"{'code': 'rank(adv20/ppent)', 'description': None, 'operatorCount': 2}"
id,gPZx9pM
is,"{'pnl': 5647282, 'bookSize': 20000000, 'longCount': 1461, 'shortCount': 1412, 'turnover': 0.0283, 'returns': 0.1157, 'drawdown': 0.0519, 'margin': 0.08181, 'fitness': 1.67, 'sharpe': 1.74, 'checks': [{'name': 'LOW_SHARPE', 'result': 'PASS', 'limit': 1.25, 'value': 1.74}, {'name': 'LOW_FITNESS', 'result': 'PASS', 'limit': 1.0, 'value': 1.67}, {'name': 'LOW_TURNOVER', 'result': 'PASS', 'limit': 0.01, 'value': 0.0283}, {'name': 'HIGH_TURNOVER', 'result': 'PASS', 'limit': 0.7, 'value': 0.0283}, {'name': 'CONCENTRATED_WEIGHT', 'result': 'PASS'}, {'name': 'LOW_SUB_UNIVERSE_SHARPE', 'result': 'PASS', 'limit': 0.75, 'value': 1.35}, {'name': 'SELF_CORRELATION', 'result': 'PENDING'}, {'name': 'MATCHES_COMPETITION', 'result': 'PASS', 'matched': [{'id': 'challenge', 'name': 'Challenge'}], 'unmatched': []}]}"
regular,"{'code': 'rank(adv20/invested_capital)', 'description': None, 'operatorCount': 2}"
id,M83kLXL
is,"{'pnl': 4125054, 'bookSize': 20000000, 'longCount': 964, 'shortCount': 959, 'turnover': 0.032, 'returns': 0.0845, 'drawdown': 0.0469, 'margin': 0.05283, 'fitness': 1.3, 'sharpe': 1.58, 'checks': [{'name': 'LOW_SHARPE', 'result': 'PASS', 'limit': 1.25, 'value': 1.58}, {'name': 'LOW_FITNESS', 'result': 'PASS', 'limit': 1.0, 'value': 1.3}, {'name': 'LOW_TURNOVER', 'result': 'PASS', 'limit': 0.01, 'value': 0.032}, {'name': 'HIGH_TURNOVER', 'result': 'PASS', 'limit': 0.7, 'value': 0.032}, {'name': 'CONCENTRATED_WEIGHT', 'result': 'PASS'}, {'name': 'LOW_SUB_UNIVERSE_SHARPE', 'result': 'PASS', 'limit': 0.68, 'value': 1.52}, {'name': 'SELF_CORRELATION', 'result': 'PENDING'}, {'name': 'MATCHES_COMPETITION', 'result': 'PASS', 'matched': [{'id': 'challenge', 'name': 'Challenge'}], 'unmatched': []}]}"
regular,"{'code': 'rank(adv20/goodwill)', 'description': None, 'operatorCount': 2}"
id,YkMQgMq
is,"{'pnl': 5856784, 'bookSize': 20000000, 'longCount': 1371, 'shortCount': 1270, 'turnover': 0.0282, 'returns': 0.12, 'drawdown': 0.0461, 'margin': 0.08513, 'fitness': 1.84, 'sharpe': 1.88, 'checks': [{'name': 'LOW_SHARPE', 'result': 'PASS', 'limit': 1.25, 'value': 1.88}, {'name': 'LOW_FITNESS', 'result': 'PASS', 'limit': 1.0, 'value': 1.84}, {'name': 'LOW_TURNOVER', 'result': 'PASS', 'limit': 0.01, 'value': 0.0282}, {'name': 'HIGH_TURNOVER', 'result': 'PASS', 'limit': 0.7, 'value': 0.0282}, {'name': 'CONCENTRATED_WEIGHT', 'result': 'PASS'}, {'name': 'LOW_SUB_UNIVERSE_SHARPE', 'result': 'PASS', 'limit': 0.81, 'value': 1.5}, {'name': 'SELF_CORRELATION', 'result': 'PENDING'}, {'name': 'MATCHES_COMPETITION', 'result': 'PASS', 'matched': [{'id': 'challenge', 'name': 'Challenge'}], 'unmatched': []}]}"
regular,"{'code': 'rank(adv20/employee)', 'description': None, 'operatorCount': 2}"
id,2ZmJpq5
is,"{'pnl': 4135965, 'bookSize': 20000000, 'longCount': 1114, 'shortCount': 1084, 'turnover': 0.0307, 'returns': 0.0848, 'drawdown': 0.0302, 'margin': 0.05515, 'fitness': 1.45, 'sharpe': 1.76, 'checks': [{'name': 'LOW_SHARPE', 'result': 'PASS', 'limit': 1.25, 'value': 1.76}, {'name': 'LOW_FITNESS', 'result': 'PASS', 'limit': 1.0, 'value': 1.45}, {'name': 'LOW_TURNOVER', 'result': 'PASS', 'limit': 0.01, 'value': 0.0307}, {'name': 'HIGH_TURNOVER', 'result': 'PASS', 'limit': 0.7, 'value': 0.0307}, {'name': 'CONCENTRATED_WEIGHT', 'result': 'PASS'}, {'name': 'LOW_SUB_UNIVERSE_SHARPE', 'result': 'PASS', 'limit': 0.76, 'value': 1.01}, {'name': 'SELF_CORRELATION', 'result': 'PENDING'}, {'name': 'MATCHES_COMPETITION', 'result': 'PASS', 'matched': [{'id': 'challenge', 'name': 'Challenge'}], 'unmatched': []}]}"
regular,"{'code': 'rank(adv20/interest_expense)', 'description': None, 'operatorCount': 2}"
id,QlKEG9Q
is,"{'pnl': 4628913, 'bookSize': 20000000, 'longCount': 1222, 'shortCount': 1170, 'turnover': 0.0273, 'returns': 0.0949, 'drawdown': 0.0638, 'margin': 0.06958, 'fitness': 1.28, 'sharpe': 1.47, 'checks': [{'name': 'LOW_SHARPE', 'result': 'PASS', 'limit': 1.25, 'value': 1.47}, {'name': 'LOW_FITNESS', 'result': 'PASS', 'limit': 1.0, 'value': 1.28}, {'name': 'LOW_TURNOVER', 'result': 'PASS', 'limit': 0.01, 'value': 0.0273}, {'name': 'HIGH_TURNOVER', 'result': 'PASS', 'limit': 0.7, 'value': 0.0273}, {'name': 'CONCENTRATED_WEIGHT', 'result': 'PASS'}, {'name': 'LOW_SUB_UNIVERSE_SHARPE', 'result': 'PASS', 'limit': 0.64, 'value': 1.09}, {'name': 'SELF_CORRELATION', 'result': 'PENDING'}, {'name': 'MATCHES_COMPETITION', 'result': 'PASS', 'matched': [{'id': 'challenge', 'name': 'Challenge'}], 'unmatched': []}]}"
regular,"{'code': 'rank(adv20/sga_expense)', 'description': None, 'operatorCount': 2}"
id,e2QLzqp
is,"{'pnl': 4901627, 'bookSize': 20000000, 'longCount': 1063, 'shortCount': 1053, 'turnover': 0.0328, 'returns': 0.1004, 'drawdown': 0.0598, 'margin': 0.0613, 'fitness': 1.3, 'sharpe': 1.45, 'checks': [{'name': 'LOW_SHARPE', 'result': 'PASS', 'limit': 1.25, 'value': 1.45}, {'name': 'LOW_FITNESS', 'result': 'PASS', 'limit': 1.0, 'value': 1.3}, {'name': 'LOW_TURNOVER', 'result': 'PASS', 'limit': 0.01, 'value': 0.0328}, {'name': 'HIGH_TURNOVER', 'result': 'PASS', 'limit': 0.7, 'value': 0.0328}, {'name': 'CONCENTRATED_WEIGHT', 'result': 'PASS'}, {'name': 'LOW_SUB_UNIVERSE_SHARPE', 'result': 'PASS', 'limit': 0.63, 'value': 0.99}, {'name': 'SELF_CORRELATION', 'result': 'PENDING'}, {'name': 'MATCHES_COMPETITION', 'result': 'PASS', 'matched': [{'id': 'challenge', 'name': 'Challenge'}], 'unmatched': []}]}"
regular,"{'code': 'rank(adv20/cash)', 'description': None, 'operatorCount': 2}"
id,Ra6d75b
is,"{'pnl': 5952838, 'bookSize': 20000000, 'longCount': 1043, 'shortCount': 993, 'turnover': 0.0359, 'returns': 0.122, 'drawdown': 0.0931, 'margin': 0.0679, 'fitness': 1.27, 'sharpe': 1.29, 'checks': [{'name': 'LOW_SHARPE', 'result': 'PASS', 'limit': 1.25, 'value': 1.29}, {'name': 'LOW_FITNESS', 'result': 'PASS', 'limit': 1.0, 'value': 1.27}, {'name': 'LOW_TURNOVER', 'result': 'PASS', 'limit': 0.01, 'value': 0.0359}, {'name': 'HIGH_TURNOVER', 'result': 'PASS', 'limit': 0.7, 'value': 0.0359}, {'name': 'CONCENTRATED_WEIGHT', 'result': 'PASS'}, {'name': 'LOW_SUB_UNIVERSE_SHARPE', 'result': 'PASS', 'limit': 0.56, 'value': 0.79}, {'name': 'SELF_CORRELATION', 'result': 'PENDING'}, {'name': 'MATCHES_COMPETITION', 'result': 'PASS', 'matched': [{'id': 'challenge', 'name': 'Challenge'}], 'unmatched': []}]}"
regular,"{'code': 'rank(adv20/enterprise_value)', 'description': None, 'operatorCount': 2}"
id,xzbnorp
is,"{'pnl': 2581086, 'bookSize': 20000000, 'longCount': 1404, 'shortCount': 1355, 'turnover': 0.0148, 'returns': 0.0529, 'drawdown': 0.0215, 'margin': 0.07163, 'fitness': 1.07, 'sharpe': 1.65, 'checks': [{'name': 'LOW_SHARPE', 'result': 'PASS', 'limit': 1.25, 'value': 1.65}, {'name': 'LOW_FITNESS', 'result': 'PASS', 'limit': 1.0, 'value': 1.07}, {'name': 'LOW_TURNOVER', 'result': 'PASS', 'limit': 0.01, 'value': 0.0148}, {'name': 'HIGH_TURNOVER', 'result': 'PASS', 'limit': 0.7, 'value': 0.0148}, {'name': 'CONCENTRATED_WEIGHT', 'result': 'PASS'}, {'name': 'LOW_SUB_UNIVERSE_SHARPE', 'result': 'PASS', 'limit': 0.71, 'value': 1.33}, {'name': 'SELF_CORRELATION', 'result': 'PENDING'}, {'name': 'MATCHES_COMPETITION', 'result': 'PASS', 'matched': [{'id': 'challenge', 'name': 'Challenge'}], 'unmatched': []}]}"
regular,"{'code': 'rank(cashflow_op/cashflow_invst)', 'description': None, 'operatorCount': 2}"
id,lzKVeEl
is,"{'pnl': 3154268, 'bookSize': 20000000, 'longCount': 1399, 'shortCount': 1353, 'turnover': 0.0186, 'returns': 0.0646, 'drawdown': 0.0536, 'margin': 0.06958, 'fitness': 1.03, 'sharpe': 1.43, 'checks': [{'name': 'LOW_SHARPE', 'result': 'PASS', 'limit': 1.25, 'value': 1.43}, {'name': 'LOW_FITNESS', 'result': 'PASS', 'limit': 1.0, 'value': 1.03}, {'name': 'LOW_TURNOVER', 'result': 'PASS', 'limit': 0.01, 'value': 0.0186}, {'name': 'HIGH_TURNOVER', 'result': 'PASS', 'limit': 0.7, 'value': 0.0186}, {'name': 'CONCENTRATED_WEIGHT', 'result': 'PASS'}, {'name': 'LOW_SUB_UNIVERSE_SHARPE', 'result': 'PASS', 'limit': 0.62, 'value': 1.52}, {'name': 'SELF_CORRELATION', 'result': 'PENDING'}, {'name': 'MATCHES_COMPETITION', 'result': 'PASS', 'matched': [{'id': 'challenge', 'name': 'Challenge'}], 'unmatched': []}]}"
regular,"{'code': 'rank(cashflow_fin/liabilities)', 'description': None, 'operatorCount': 2}"
id,vz2Lq7G
is,"{'pnl': 3290577, 'bookSize': 20000000, 'longCount': 1060, 'shortCount': 1054, 'turnover': 0.0254, 'returns': 0.0674, 'drawdown': 0.0536, 'margin': 0.05303, 'fitness': 1.12, 'sharpe': 1.53, 'checks': [{'name': 'LOW_SHARPE', 'result': 'PASS', 'limit': 1.25, 'value': 1.53}, {'name': 'LOW_FITNESS', 'result': 'PASS', 'limit': 1.0, 'value': 1.12}, {'name': 'LOW_TURNOVER', 'result': 'PASS', 'limit': 0.01, 'value': 0.0254}, {'name': 'HIGH_TURNOVER', 'result': 'PASS', 'limit': 0.7, 'value': 0.0254}, {'name': 'CONCENTRATED_WEIGHT', 'result': 'PASS'}, {'name': 'LOW_SUB_UNIVERSE_SHARPE', 'result': 'PASS', 'limit': 0.66, 'value': 1.43}, {'name': 'SELF_CORRELATION', 'result': 'PENDING'}, {'name': 'MATCHES_COMPETITION', 'result': 'PASS', 'matched': [{'id': 'challenge', 'name': 'Challenge'}], 'unmatched': []}]}"
regular,"{'code': 'rank(cashflow_fin/interest_expense)', 'description': None, 'operatorCount': 2}"
id,vz2pE33
is,"{'pnl': 2921175, 'bookSize': 20000000, 'longCount': 1333, 'shortCount': 1276, 'turnover': 0.0148, 'returns': 0.0599, 'drawdown': 0.021, 'margin': 0.08091, 'fitness': 1.22, 'sharpe': 1.76, 'checks': [{'name': 'LOW_SHARPE', 'result': 'PASS', 'limit': 1.25, 'value': 1.76}, {'name': 'LOW_FITNESS', 'result': 'PASS', 'limit': 1.0, 'value': 1.22}, {'name': 'LOW_TURNOVER', 'result': 'PASS', 'limit': 0.01, 'value': 0.0148}, {'name': 'HIGH_TURNOVER', 'result': 'PASS', 'limit': 0.7, 'value': 0.0148}, {'name': 'CONCENTRATED_WEIGHT', 'result': 'PASS'}, {'name': 'LOW_SUB_UNIVERSE_SHARPE', 'result': 'PASS', 'limit': 0.76, 'value': 1.53}, {'name': 'SELF_CORRELATION', 'result': 'PENDING'}, {'name': 'MATCHES_COMPETITION', 'result': 'PASS', 'matched': [{'id': 'challenge', 'name': 'Challenge'}], 'unmatched': []}]}"
regular,"{'code': 'rank(ebitda/cashflow_invst)', 'description': None, 'operatorCount': 2}"
id,LX5Prw2
is,"{'pnl': 3493941, 'bookSize': 20000000, 'longCount': 1442, 'shortCount': 1433, 'turnover': 0.0147, 'returns': 0.0716, 'drawdown': 0.0368, 'margin': 0.0973, 'fitness': 1.0, 'sharpe': 1.32, 'checks': [{'name': 'LOW_SHARPE', 'result': 'PASS', 'limit': 1.25, 'value': 1.32}, {'name': 'LOW_FITNESS', 'result': 'PASS', 'limit': 1.0, 'value': 1.0}, {'name': 'LOW_TURNOVER', 'result': 'PASS', 'limit': 0.01, 'value': 0.0147}, {'name': 'HIGH_TURNOVER', 'result': 'PASS', 'limit': 0.7, 'value': 0.0147}, {'name': 'CONCENTRATED_WEIGHT', 'result': 'PASS'}, {'name': 'LOW_SUB_UNIVERSE_SHARPE', 'result': 'PASS', 'limit': 0.57, 'value': 1.32}, {'name': 'SELF_CORRELATION', 'result': 'PENDING'}, {'name': 'MATCHES_COMPETITION', 'result': 'PASS', 'matched': [{'id': 'challenge', 'name': 'Challenge'}], 'unmatched': []}]}"
regular,"{'code': 'rank(return_assets/eps)', 'description': None, 'operatorCount': 2}"
id,QlYxae5
is,"{'pnl': 3921147, 'bookSize': 20000000, 'longCount': 1158, 'shortCount': 1156, 'turnover': 0.0156, 'returns': 0.0804, 'drawdown': 0.03, 'margin': 0.10326, 'fitness': 1.44, 'sharpe': 1.79, 'checks': [{'name': 'LOW_SHARPE', 'result': 'PASS', 'limit': 1.25, 'value': 1.79}, {'name': 'LOW_FITNESS', 'result': 'PASS', 'limit': 1.0, 'value': 1.44}, {'name': 'LOW_TURNOVER', 'result': 'PASS', 'limit': 0.01, 'value': 0.0156}, {'name': 'HIGH_TURNOVER', 'result': 'PASS', 'limit': 0.7, 'value': 0.0156}, {'name': 'CONCENTRATED_WEIGHT', 'result': 'PASS'}, {'name': 'LOW_SUB_UNIVERSE_SHARPE', 'result': 'PASS', 'limit': 0.78, 'value': 1.52}, {'name': 'SELF_CORRELATION', 'result': 'PENDING'}, {'name': 'MATCHES_COMPETITION', 'result': 'PASS', 'matched': [{'id': 'challenge', 'name': 'Challenge'}], 'unmatched': []}]}"
regular,"{'code': 'rank(sga_expense/sales)', 'description': None, 'operatorCount': 2}"
id,OmJLAbg
is,"{'pnl': 3615385, 'bookSize': 20000000, 'longCount': 1184, 'shortCount': 1190, 'turnover': 0.0172, 'returns': 0.0741, 'drawdown': 0.0208, 'margin': 0.08634, 'fitness': 1.15, 'sharpe': 1.49, 'checks': [{'name': 'LOW_SHARPE', 'result': 'PASS', 'limit': 1.25, 'value': 1.49}, {'name': 'LOW_FITNESS', 'result': 'PASS', 'limit': 1.0, 'value': 1.15}, {'name': 'LOW_TURNOVER', 'result': 'PASS', 'limit': 0.01, 'value': 0.0172}, {'name': 'HIGH_TURNOVER', 'result': 'PASS', 'limit': 0.7, 'value': 0.0172}, {'name': 'CONCENTRATED_WEIGHT', 'result': 'PASS'}, {'name': 'LOW_SUB_UNIVERSE_SHARPE', 'result': 'PASS', 'limit': 0.65, 'value': 1.2}, {'name': 'SELF_CORRELATION', 'result': 'PENDING'}, {'name': 'MATCHES_COMPETITION', 'result': 'PASS', 'matched': [{'id': 'challenge', 'name': 'Challenge'}], 'unmatched': []}]}"
regular,"{'code': 'rank(sga_expense/assets)', 'description': None, 'operatorCount': 2}"
id,xzrRv1g
is,"{'pnl': 3099294, 'bookSize': 20000000, 'longCount': 1418, 'shortCount': 1348, 'turnover': 0.0145, 'returns': 0.0635, 'drawdown': 0.0235, 'margin': 0.0879, 'fitness': 1.27, 'sharpe': 1.78, 'checks': [{'name': 'LOW_SHARPE', 'result': 'PASS', 'limit': 1.25, 'value': 1.78}, {'name': 'LOW_FITNESS', 'result': 'PASS', 'limit': 1.0, 'value': 1.27}, {'name': 'LOW_TURNOVER', 'result': 'PASS', 'limit': 0.01, 'value': 0.0145}, {'name': 'HIGH_TURNOVER', 'result': 'PASS', 'limit': 0.7, 'value': 0.0145}, {'name': 'CONCENTRATED_WEIGHT', 'result': 'PASS'}, {'name': 'LOW_SUB_UNIVERSE_SHARPE', 'result': 'PASS', 'limit': 0.77, 'value': 1.31}, {'name': 'SELF_CORRELATION', 'result': 'PENDING'}, {'name': 'MATCHES_COMPETITION', 'result': 'PASS', 'matched': [{'id': 'challenge', 'name': 'Challenge'}], 'unmatched': []}]}"
regular,"{'code': 'rank(ebit/cashflow_invst)', 'description': None, 'operatorCount': 2}"
id,Yk1AwAv
is,"{'pnl': 3889333, 'bookSize': 20000000, 'longCount': 1115, 'shortCount': 1040, 'turnover': 0.0172, 'returns': 0.0797, 'drawdown': 0.038, 'margin': 0.09249, 'fitness': 1.16, 'sharpe': 1.45, 'checks': [{'name': 'LOW_SHARPE', 'result': 'PASS', 'limit': 1.25, 'value': 1.45}, {'name': 'LOW_FITNESS', 'result': 'PASS', 'limit': 1.0, 'value': 1.16}, {'name': 'LOW_TURNOVER', 'result': 'PASS', 'limit': 0.01, 'value': 0.0172}, {'name': 'HIGH_TURNOVER', 'result': 'PASS', 'limit': 0.7, 'value': 0.0172}, {'name': 'CONCENTRATED_WEIGHT', 'result': 'PASS'}, {'name': 'LOW_SUB_UNIVERSE_SHARPE', 'result': 'PASS', 'limit': 0.63, 'value': 1.5}, {'name': 'SELF_CORRELATION', 'result': 'PENDING'}, {'name': 'MATCHES_COMPETITION', 'result': 'PASS', 'matched': [{'id': 'challenge', 'name': 'Challenge'}], 'unmatched': []}]}"
regular,"{'code': 'rank(current_ratio/sales_ps)', 'description': None, 'operatorCount': 2}"
